2025-04-18T12:00:41.909Z INFO  payment-worker job=pay order=ORD-77401 request=req-d4a95d80 attempt=1 provider=payvault status=captured latency_ms=318 txn=tx_e983b5
2025-04-18T12:01:32.436Z INFO  payment-worker job=pay order=ORD-77402 request=req-857b27c4 attempt=1 provider=payvault status=captured latency_ms=576 txn=tx_7a331e
2025-04-18T12:02:35.199Z INFO  payment-worker job=pay order=ORD-77403 request=req-c511f54d attempt=1 provider=payvault status=captured latency_ms=651 txn=tx_b59ee2
2025-04-18T12:03:11.000Z WARN  payment-worker disk usage 82% on /var/log (threshold 85%)
2025-04-18T12:03:30.907Z INFO  payment-worker job=pay order=ORD-77404 request=req-69c5ef33 attempt=1 provider=payvault status=captured latency_ms=1191 txn=tx_8f4703
2025-04-18T12:04:13.981Z INFO  payment-worker job=pay order=ORD-77405 request=req-5b645f22 attempt=1 provider=payvault status=captured latency_ms=1070 txn=tx_be45ac
2025-04-18T12:05:37.991Z INFO  payment-worker job=pay order=ORD-77406 request=req-71b84e2b attempt=1 provider=payvault status=captured latency_ms=671 txn=tx_03da58
2025-04-18T12:06:41.267Z INFO  payment-worker job=pay order=ORD-77407 request=req-ee8271b5 attempt=1 provider=payvault status=captured latency_ms=1166 txn=tx_4c375b
2025-04-18T12:08:05.713Z INFO  payment-worker job=pay order=ORD-77408 request=req-386c569b attempt=1 provider=payvault status=captured latency_ms=459 txn=tx_534d9e
2025-04-18T12:09:07.858Z INFO  payment-worker job=pay order=ORD-77409 request=req-a682860e attempt=1 provider=payvault status=captured latency_ms=1347 txn=tx_02e51e
2025-04-18T12:10:32.049Z INFO  payment-worker job=pay order=ORD-77410 request=req-afdb7a88 attempt=1 provider=payvault status=captured latency_ms=672 txn=tx_c9c24e
2025-04-18T12:11:56.534Z INFO  payment-worker job=pay order=ORD-77411 request=req-305f7720 attempt=1 provider=payvault status=captured latency_ms=617 txn=tx_200476
2025-04-18T12:13:12.571Z INFO  payment-worker job=pay order=ORD-77412 request=req-02dd9166 attempt=1 provider=payvault status=captured latency_ms=439 txn=tx_2f1223
2025-04-18T12:14:16.291Z ERROR payment-worker job=pay order=ORD-77413 request=req-fe320f39 attempt=1 provider=payvault error='TimeoutError: provider read timed out after 5000ms'
Traceback (most recent call last):
  File "/app/worker/payments.py", line 147, in capture
    resp = self.provider.charge(token=self.token, amount=amount)
  File "/app/worker/providers/payvault.py", line 58, in charge
    resp = self._post('/v1/charges', timeout=5)
TimeoutError: provider read timed out after 5000ms
2025-04-18T12:14:17.449Z INFO  payment-worker job=pay order=ORD-77413 request=req-fe320f39 attempt=2 provider=payvault status=captured latency_ms=1318 txn=tx_761637
2025-04-18T12:15:10.902Z INFO  payment-worker job=pay order=ORD-77414 request=req-652914ce attempt=1 provider=payvault status=captured latency_ms=608 txn=tx_4d45ce
2025-04-18T12:16:04.021Z INFO  payment-worker job=pay order=ORD-77415 request=req-91db1afd attempt=1 provider=payvault status=captured latency_ms=1047 txn=tx_44dad8
2025-04-18T12:16:58.052Z INFO  payment-worker job=pay order=ORD-77416 request=req-2e5589e4 attempt=1 provider=payvault status=captured latency_ms=1316 txn=tx_f58195
2025-04-18T12:18:15.717Z INFO  payment-worker job=pay order=ORD-77417 request=req-52f56038 attempt=1 provider=payvault status=captured latency_ms=1272 txn=tx_b44d55
2025-04-18T12:19:03.122Z INFO  payment-worker job=pay order=ORD-77418 request=req-91cf1c81 attempt=1 provider=payvault status=captured latency_ms=606 txn=tx_44ac0f
2025-04-18T12:19:51.497Z INFO  payment-worker job=pay order=ORD-77419 request=req-60ab9d54 attempt=1 provider=payvault status=captured latency_ms=1276 txn=tx_bf7c54
2025-04-18T12:20:41.773Z INFO  payment-worker job=pay order=ORD-77420 request=req-6881dddc attempt=1 provider=payvault status=captured latency_ms=931 txn=tx_964d37
2025-04-18T12:21:48.282Z INFO  payment-worker job=pay order=ORD-77421 request=req-3c5d8a1e attempt=1 provider=payvault status=captured latency_ms=268 txn=tx_b4c9f5
2025-04-18T12:22:36.052Z INFO  payment-worker job=pay order=ORD-77422 request=req-d7f80f56 attempt=1 provider=payvault status=captured latency_ms=188 txn=tx_ac95d0
2025-04-18T12:23:51.939Z INFO  payment-worker job=pay order=ORD-77423 request=req-dcf7dbe4 attempt=1 provider=payvault status=captured latency_ms=762 txn=tx_f2ce12
2025-04-18T12:24:32.401Z INFO  payment-worker job=pay order=ORD-77424 request=req-5cd61bd3 attempt=1 provider=payvault status=captured latency_ms=1097 txn=tx_2bc45f
2025-04-18T12:25:51.286Z INFO  payment-worker job=pay order=ORD-77425 request=req-907e9405 attempt=1 provider=payvault status=captured latency_ms=344 txn=tx_7c528e
2025-04-18T12:26:51.248Z INFO  payment-worker job=pay order=ORD-77426 request=req-1d8789bb attempt=1 provider=payvault status=captured latency_ms=477 txn=tx_d098e8
2025-04-18T12:27:55.120Z INFO  payment-worker job=pay order=ORD-77427 request=req-b6e8e4df attempt=1 provider=payvault status=captured latency_ms=516 txn=tx_aa59d1
2025-04-18T12:29:06.979Z INFO  payment-worker job=pay order=ORD-77428 request=req-cd35c911 attempt=1 provider=payvault status=captured latency_ms=466 txn=tx_788be9
2025-04-18T12:30:17.988Z INFO  payment-worker job=pay order=ORD-77429 request=req-ac01d50b attempt=1 provider=payvault status=captured latency_ms=1338 txn=tx_cf426d
2025-04-18T12:30:56.042Z INFO  payment-worker job=pay order=ORD-77430 request=req-99ffd764 attempt=1 provider=payvault status=captured latency_ms=1177 txn=tx_84df07
2025-04-18T12:31:47.335Z INFO  payment-worker job=pay order=ORD-77431 request=req-b242f324 attempt=1 provider=payvault status=captured latency_ms=1124 txn=tx_c78daf
2025-04-18T12:32:44.292Z INFO  payment-worker job=pay order=ORD-77432 request=req-ee0a6811 attempt=1 provider=payvault status=captured latency_ms=1270 txn=tx_62c684
2025-04-18T12:33:46.635Z INFO  payment-worker job=pay order=ORD-77433 request=req-f57e28da attempt=1 provider=payvault status=captured latency_ms=1136 txn=tx_ac6db7
2025-04-18T12:34:24.880Z INFO  payment-worker job=pay order=ORD-77434 request=req-140f7896 attempt=1 provider=payvault status=captured latency_ms=1036 txn=tx_ab6707
2025-04-18T12:35:24.394Z INFO  payment-worker job=pay order=ORD-77435 request=req-2fe4a467 attempt=1 provider=payvault status=captured latency_ms=283 txn=tx_d56c52
2025-04-18T12:36:42.298Z INFO  payment-worker job=pay order=ORD-77436 request=req-6e278c6d attempt=1 provider=payvault status=captured latency_ms=620 txn=tx_4f1530
2025-04-18T12:37:52.667Z INFO  payment-worker job=pay order=ORD-77437 request=req-11994bca attempt=1 provider=payvault status=captured latency_ms=1224 txn=tx_4f5df5
2025-04-18T12:39:16.004Z INFO  payment-worker job=pay order=ORD-77438 request=req-57f5f23a attempt=1 provider=payvault status=captured latency_ms=212 txn=tx_3b3227
2025-04-18T12:40:38.614Z INFO  payment-worker job=pay order=ORD-77439 request=req-9e9b3b34 attempt=1 provider=payvault status=captured latency_ms=1190 txn=tx_2ae1f0
2025-04-18T12:41:24.501Z INFO  payment-worker job=pay order=ORD-77440 request=req-c08a7af0 attempt=1 provider=payvault status=captured latency_ms=254 txn=tx_d2daa1
2025-04-18T12:42:40.023Z INFO  payment-worker job=pay order=ORD-77441 request=req-d2949edb attempt=1 provider=payvault status=captured latency_ms=1152 txn=tx_a17c24
2025-04-18T12:43:29.952Z INFO  payment-worker job=pay order=ORD-77442 request=req-e6c4f948 attempt=1 provider=payvault status=captured latency_ms=1386 txn=tx_e56ad1
2025-04-18T12:44:14.048Z INFO  payment-worker job=pay order=ORD-77443 request=req-5bf972c3 attempt=1 provider=payvault status=captured latency_ms=1391 txn=tx_d778e2
2025-04-18T12:45:19.374Z INFO  payment-worker job=pay order=ORD-77444 request=req-81357e3b attempt=1 provider=payvault status=captured latency_ms=502 txn=tx_091d0e
2025-04-18T12:46:20.214Z INFO  payment-worker job=pay order=ORD-77445 request=req-0e59e43c attempt=1 provider=payvault status=captured latency_ms=392 txn=tx_371e1c
2025-04-18T12:47:41.142Z INFO  payment-worker job=pay order=ORD-77446 request=req-ee5df44d attempt=1 provider=payvault status=captured latency_ms=491 txn=tx_478824
2025-04-18T12:48:42.823Z INFO  payment-worker job=pay order=ORD-77447 request=req-13eb93c5 attempt=1 provider=payvault status=captured latency_ms=1310 txn=tx_8cfd47
2025-04-18T12:49:52.657Z INFO  payment-worker job=pay order=ORD-77448 request=req-5aa02db2 attempt=1 provider=payvault status=captured latency_ms=680 txn=tx_1cf476
2025-04-18T12:50:59.008Z INFO  payment-worker job=pay order=ORD-77449 request=req-7748ecd0 attempt=1 provider=payvault status=captured latency_ms=1218 txn=tx_da8082
2025-04-18T12:51:46.652Z INFO  payment-worker job=pay order=ORD-77450 request=req-1db1f401 attempt=1 provider=payvault status=captured latency_ms=863 txn=tx_da28d7
2025-04-18T12:53:05.497Z INFO  payment-worker job=pay order=ORD-77451 request=req-2320ed60 attempt=1 provider=payvault status=captured latency_ms=422 txn=tx_deccf3
2025-04-18T12:53:56.458Z INFO  payment-worker job=pay order=ORD-77452 request=req-c768b3db attempt=1 provider=payvault status=captured latency_ms=1029 txn=tx_f45103
2025-04-18T12:54:42.541Z INFO  payment-worker job=pay order=ORD-77453 request=req-4a54fe13 attempt=1 provider=payvault status=captured latency_ms=575 txn=tx_7a9e8f
2025-04-18T12:55:23.875Z INFO  payment-worker job=pay order=ORD-77454 request=req-3b4bd3bc attempt=1 provider=payvault status=captured latency_ms=543 txn=tx_171b34
2025-04-18T12:56:40.757Z INFO  payment-worker job=pay order=ORD-77455 request=req-cd0c68ac attempt=1 provider=payvault status=captured latency_ms=825 txn=tx_e460de
2025-04-18T12:57:56.808Z INFO  payment-worker job=pay order=ORD-77456 request=req-13a2427d attempt=1 provider=payvault status=captured latency_ms=264 txn=tx_0a0a65
2025-04-18T12:58:51.606Z ERROR payment-worker job=pay order=ORD-77457 request=req-8d750309 attempt=1 provider=payvault error='TimeoutError: provider read timed out after 5000ms'
Traceback (most recent call last):
  File "/app/worker/payments.py", line 147, in capture
    resp = self.provider.charge(token=self.token, amount=amount)
  File "/app/worker/providers/payvault.py", line 58, in charge
    resp = self._post('/v1/charges', timeout=5)
TimeoutError: provider read timed out after 5000ms
2025-04-18T12:58:52.590Z INFO  payment-worker job=pay order=ORD-77457 request=req-8d750309 attempt=2 provider=payvault status=captured latency_ms=1121 txn=tx_f393c5
2025-04-18T12:59:53.045Z INFO  payment-worker job=pay order=ORD-77458 request=req-827ebc6c attempt=1 provider=payvault status=captured latency_ms=239 txn=tx_cea73d
2025-04-18T13:00:41.161Z INFO  payment-worker job=pay order=ORD-77459 request=req-8cc93d5f attempt=1 provider=payvault status=captured latency_ms=318 txn=tx_0b9f01
2025-04-18T13:01:21.162Z INFO  payment-worker job=pay order=ORD-77460 request=req-53d1f51b attempt=1 provider=payvault status=captured latency_ms=1126 txn=tx_cf484b
2025-04-18T13:02:26.279Z INFO  payment-worker job=pay order=ORD-77461 request=req-fb0231a3 attempt=1 provider=payvault status=captured latency_ms=388 txn=tx_0174a5
2025-04-18T13:03:50.989Z INFO  payment-worker job=pay order=ORD-77462 request=req-939bf57b attempt=1 provider=payvault status=captured latency_ms=1213 txn=tx_c49cd3
2025-04-18T13:05:10.369Z INFO  payment-worker job=pay order=ORD-77463 request=req-feb91961 attempt=1 provider=payvault status=captured latency_ms=1093 txn=tx_e83e84
2025-04-18T13:06:21.967Z INFO  payment-worker job=pay order=ORD-77464 request=req-87b5ebcd attempt=1 provider=payvault status=captured latency_ms=353 txn=tx_fb27da
2025-04-18T13:07:32.216Z INFO  payment-worker job=pay order=ORD-77465 request=req-ad5fd736 attempt=1 provider=payvault status=captured latency_ms=908 txn=tx_fd9d81
2025-04-18T13:08:20.583Z INFO  payment-worker job=pay order=ORD-77466 request=req-9f66c3fc attempt=1 provider=payvault status=captured latency_ms=904 txn=tx_b2f372
2025-04-18T13:09:16.799Z INFO  payment-worker job=pay order=ORD-77467 request=req-6d6cda0f attempt=1 provider=payvault status=captured latency_ms=559 txn=tx_75bc48
2025-04-18T13:10:10.235Z INFO  payment-worker job=pay order=ORD-77468 request=req-48c3e674 attempt=1 provider=payvault status=captured latency_ms=1263 txn=tx_0c6df1
2025-04-18T13:11:28.272Z INFO  payment-worker job=pay order=ORD-77469 request=req-6d7516b7 attempt=1 provider=payvault status=captured latency_ms=273 txn=tx_3fb856
2025-04-18T13:12:49.266Z INFO  payment-worker job=pay order=ORD-77470 request=req-01ff3e99 attempt=1 provider=payvault status=captured latency_ms=355 txn=tx_ea9903
2025-04-18T13:13:41.892Z INFO  payment-worker job=pay order=ORD-77471 request=req-208da52c attempt=1 provider=payvault status=captured latency_ms=1356 txn=tx_531cae
2025-04-18T13:14:52.896Z INFO  payment-worker job=pay order=ORD-77472 request=req-f9037291 attempt=1 provider=payvault status=captured latency_ms=923 txn=tx_b4bd56
2025-04-18T13:15:52.232Z INFO  payment-worker job=pay order=ORD-77473 request=req-0955baa2 attempt=1 provider=payvault status=captured latency_ms=1024 txn=tx_03ecd5
2025-04-18T13:16:35.135Z INFO  payment-worker job=pay order=ORD-77474 request=req-ff36685b attempt=1 provider=payvault status=captured latency_ms=615 txn=tx_0e705f
2025-04-18T13:17:36.056Z INFO  payment-worker job=pay order=ORD-77475 request=req-188d45d4 attempt=1 provider=payvault status=captured latency_ms=1131 txn=tx_9f3d95
2025-04-18T13:18:36.749Z INFO  payment-worker job=pay order=ORD-77476 request=req-09541a0a attempt=1 provider=payvault status=captured latency_ms=1362 txn=tx_603817
2025-04-18T13:19:58.800Z INFO  payment-worker job=pay order=ORD-77477 request=req-74e4c10f attempt=1 provider=payvault status=captured latency_ms=746 txn=tx_49cd6e
2025-04-18T13:21:18.966Z INFO  payment-worker job=pay order=ORD-77478 request=req-b2efffe3 attempt=1 provider=payvault status=captured latency_ms=589 txn=tx_047f12
2025-04-18T13:22:04.002Z INFO  payment-worker job=pay order=ORD-77479 request=req-a8209a98 attempt=1 provider=payvault status=captured latency_ms=889 txn=tx_0ff45b
2025-04-18T13:23:27.987Z INFO  payment-worker job=pay order=ORD-77480 request=req-aeaa3752 attempt=1 provider=payvault status=captured latency_ms=786 txn=tx_ddca6c
2025-04-18T13:24:24.321Z INFO  payment-worker job=pay order=ORD-77481 request=req-7906ee34 attempt=1 provider=payvault status=captured latency_ms=1171 txn=tx_484e0b
2025-04-18T13:25:23.846Z INFO  payment-worker job=pay order=ORD-77482 request=req-731a859a attempt=1 provider=payvault status=captured latency_ms=1121 txn=tx_337248
2025-04-18T13:26:20.002Z INFO  payment-worker job=pay order=ORD-77483 request=req-8dffb040 attempt=1 provider=payvault status=captured latency_ms=1388 txn=tx_c89406
2025-04-18T13:27:28.654Z INFO  payment-worker job=pay order=ORD-77484 request=req-add29f3b attempt=1 provider=payvault status=captured latency_ms=228 txn=tx_e73689
2025-04-18T13:28:43.420Z INFO  payment-worker job=pay order=ORD-77485 request=req-df9edd75 attempt=1 provider=payvault status=captured latency_ms=1161 txn=tx_bd879d
2025-04-18T13:29:51.291Z INFO  payment-worker job=pay order=ORD-77486 request=req-53c16def attempt=1 provider=payvault status=captured latency_ms=1225 txn=tx_d6ffa2
2025-04-18T13:30:31.596Z INFO  payment-worker job=pay order=ORD-77487 request=req-0747c70a attempt=1 provider=payvault status=captured latency_ms=1005 txn=tx_4585e9
2025-04-18T13:31:40.690Z INFO  payment-worker job=pay order=ORD-77488 request=req-6aa9ed77 attempt=1 provider=payvault status=captured latency_ms=1000 txn=tx_2c60c4
2025-04-18T13:32:27.427Z INFO  payment-worker job=pay order=ORD-77489 request=req-1972f4af attempt=1 provider=payvault status=captured latency_ms=1078 txn=tx_02be62
2025-04-18T13:33:41.737Z INFO  payment-worker job=pay order=ORD-77490 request=req-dba30b10 attempt=1 provider=payvault status=captured latency_ms=1047 txn=tx_89d875
2025-04-18T13:34:26.971Z INFO  payment-worker job=pay order=ORD-77491 request=req-782cb1a4 attempt=1 provider=payvault status=captured latency_ms=891 txn=tx_b5e979
2025-04-18T13:35:09.011Z INFO  payment-worker job=pay order=ORD-77492 request=req-2181435a attempt=1 provider=payvault status=captured latency_ms=729 txn=tx_2e0008
2025-04-18T13:36:21.014Z INFO  payment-worker job=pay order=ORD-77493 request=req-0be5d3f2 attempt=1 provider=payvault status=captured latency_ms=919 txn=tx_f6e659
2025-04-18T13:37:10.914Z INFO  payment-worker job=pay order=ORD-77494 request=req-b45c7d9c attempt=1 provider=payvault status=captured latency_ms=1176 txn=tx_042edc
2025-04-18T13:38:35.873Z INFO  payment-worker job=pay order=ORD-77495 request=req-72b0ebeb attempt=1 provider=payvault status=captured latency_ms=1321 txn=tx_d50cf8
2025-04-18T13:39:18.660Z INFO  payment-worker job=pay order=ORD-77496 request=req-d4fdadbc attempt=1 provider=payvault status=captured latency_ms=1010 txn=tx_4d6ef4
2025-04-18T13:40:24.028Z INFO  payment-worker job=pay order=ORD-77497 request=req-161c6a21 attempt=1 provider=payvault status=captured latency_ms=755 txn=tx_2f4f03
2025-04-18T13:41:30.033Z INFO  payment-worker job=pay order=ORD-77498 request=req-cd4ddac1 attempt=1 provider=payvault status=captured latency_ms=997 txn=tx_c8d0a5
2025-04-18T13:42:54.766Z INFO  payment-worker job=pay order=ORD-77499 request=req-af27ac4d attempt=1 provider=payvault status=captured latency_ms=510 txn=tx_df4577
2025-04-18T13:43:48.872Z INFO  payment-worker job=pay order=ORD-77500 request=req-4dbf4cb3 attempt=1 provider=payvault status=captured latency_ms=638 txn=tx_f73877
2025-04-18T13:45:04.660Z INFO  payment-worker job=pay order=ORD-77501 request=req-93388310 attempt=1 provider=payvault status=captured latency_ms=284 txn=tx_028d2c
2025-04-18T13:45:58.797Z INFO  payment-worker job=pay order=ORD-77502 request=req-2797a25c attempt=1 provider=payvault status=captured latency_ms=185 txn=tx_839a09
2025-04-18T13:47:17.977Z INFO  payment-worker job=pay order=ORD-77503 request=req-d836d0e9 attempt=1 provider=payvault status=captured latency_ms=795 txn=tx_6abe0c
2025-04-18T13:48:02.584Z INFO  payment-worker job=pay order=ORD-77504 request=req-970a41cb attempt=1 provider=payvault status=captured latency_ms=924 txn=tx_17889d
2025-04-18T13:48:43.920Z INFO  payment-worker job=pay order=ORD-77505 request=req-c20c76ac attempt=1 provider=payvault status=captured latency_ms=623 txn=tx_f88dae
2025-04-18T13:49:53.231Z INFO  payment-worker job=pay order=ORD-77506 request=req-b8aca052 attempt=1 provider=payvault status=captured latency_ms=193 txn=tx_accf86
2025-04-18T13:50:47.625Z INFO  payment-worker job=pay order=ORD-77507 request=req-56d7d5f0 attempt=1 provider=payvault status=captured latency_ms=996 txn=tx_3ffeb6
2025-04-18T13:51:35.811Z INFO  payment-worker job=pay order=ORD-77508 request=req-5ad8581a attempt=1 provider=payvault status=captured latency_ms=1162 txn=tx_59c6ae
2025-04-18T13:51:58.033Z INFO  payment-worker config reloaded from /etc/payment-worker/config.yaml (deploy=dep-20250418-c) keys=['PAYVAULT_API_TOKEN', 'PAYVAULT_ENDPOINT'] — 1 key changed
2025-04-18T13:52:42.034Z ERROR payment-worker job=pay order=ORD-77509 request=req-2968fb20 attempt=1 provider=payvault error='PaymentGatewayError: 401 Unauthorized (code=auth_token_expired)'
Traceback (most recent call last):
  File "/app/worker/payments.py", line 147, in capture
    resp = self.provider.charge(token=self.token, amount=amount)
           ^^^^^^^^^^^^^^^^^^^^^^^^^^^^^^^^^^^^^^^^^^^^^^^^^^^
  File "/app/worker/providers/payvault.py", line 61, in charge
    raise PaymentGatewayError(f"401 Unauthorized (code={code})")
worker.providers.payvault.PaymentGatewayError: 401 Unauthorized (code=auth_token_expired)
2025-04-18T13:52:43.127Z ERROR payment-worker job=pay order=ORD-77509 request=req-2968fb20 attempt=2 provider=payvault error='PaymentGatewayError: 401 Unauthorized (code=auth_token_expired)'
Traceback (most recent call last):
  File "/app/worker/payments.py", line 147, in capture
    resp = self.provider.charge(token=self.token, amount=amount)
           ^^^^^^^^^^^^^^^^^^^^^^^^^^^^^^^^^^^^^^^^^^^^^^^^^^^
  File "/app/worker/providers/payvault.py", line 61, in charge
    raise PaymentGatewayError(f"401 Unauthorized (code={code})")
worker.providers.payvault.PaymentGatewayError: 401 Unauthorized (code=auth_token_expired)
2025-04-18T13:52:44.006Z ERROR payment-worker job=pay order=ORD-77509 request=req-2968fb20 attempt=3 provider=payvault error='PaymentGatewayError: 401 Unauthorized (code=auth_token_expired)'
Traceback (most recent call last):
  File "/app/worker/payments.py", line 147, in capture
    resp = self.provider.charge(token=self.token, amount=amount)
           ^^^^^^^^^^^^^^^^^^^^^^^^^^^^^^^^^^^^^^^^^^^^^^^^^^^
  File "/app/worker/providers/payvault.py", line 61, in charge
    raise PaymentGatewayError(f"401 Unauthorized (code={code})")
worker.providers.payvault.PaymentGatewayError: 401 Unauthorized (code=auth_token_expired)
2025-04-18T13:52:45.046Z ERROR payment-worker job=pay order=ORD-77509 request=req-2968fb20 DEAD-LETTER after 3 attempts reason=PaymentGatewayError
2025-04-18T13:53:47.921Z ERROR payment-worker job=pay order=ORD-77510 request=req-61c7eecd attempt=1 provider=payvault error='PaymentGatewayError: 401 Unauthorized (code=auth_token_expired)'
Traceback (most recent call last):
  File "/app/worker/payments.py", line 147, in capture
    resp = self.provider.charge(token=self.token, amount=amount)
           ^^^^^^^^^^^^^^^^^^^^^^^^^^^^^^^^^^^^^^^^^^^^^^^^^^^
  File "/app/worker/providers/payvault.py", line 61, in charge
    raise PaymentGatewayError(f"401 Unauthorized (code={code})")
worker.providers.payvault.PaymentGatewayError: 401 Unauthorized (code=auth_token_expired)
2025-04-18T13:53:49.107Z ERROR payment-worker job=pay order=ORD-77510 request=req-61c7eecd attempt=2 provider=payvault error='PaymentGatewayError: 401 Unauthorized (code=auth_token_expired)'
Traceback (most recent call last):
  File "/app/worker/payments.py", line 147, in capture
    resp = self.provider.charge(token=self.token, amount=amount)
           ^^^^^^^^^^^^^^^^^^^^^^^^^^^^^^^^^^^^^^^^^^^^^^^^^^^
  File "/app/worker/providers/payvault.py", line 61, in charge
    raise PaymentGatewayError(f"401 Unauthorized (code={code})")
worker.providers.payvault.PaymentGatewayError: 401 Unauthorized (code=auth_token_expired)
2025-04-18T13:53:49.713Z ERROR payment-worker job=pay order=ORD-77510 request=req-61c7eecd attempt=3 provider=payvault error='PaymentGatewayError: 401 Unauthorized (code=auth_token_expired)'
Traceback (most recent call last):
  File "/app/worker/payments.py", line 147, in capture
    resp = self.provider.charge(token=self.token, amount=amount)
           ^^^^^^^^^^^^^^^^^^^^^^^^^^^^^^^^^^^^^^^^^^^^^^^^^^^
  File "/app/worker/providers/payvault.py", line 61, in charge
    raise PaymentGatewayError(f"401 Unauthorized (code={code})")
worker.providers.payvault.PaymentGatewayError: 401 Unauthorized (code=auth_token_expired)
2025-04-18T13:53:50.638Z ERROR payment-worker job=pay order=ORD-77510 request=req-61c7eecd DEAD-LETTER after 3 attempts reason=PaymentGatewayError
2025-04-18T13:55:09.059Z ERROR payment-worker job=pay order=ORD-77511 request=req-9968d24c attempt=1 provider=payvault error='PaymentGatewayError: 401 Unauthorized (code=auth_token_expired)'
Traceback (most recent call last):
  File "/app/worker/payments.py", line 147, in capture
    resp = self.provider.charge(token=self.token, amount=amount)
           ^^^^^^^^^^^^^^^^^^^^^^^^^^^^^^^^^^^^^^^^^^^^^^^^^^^
  File "/app/worker/providers/payvault.py", line 61, in charge
    raise PaymentGatewayError(f"401 Unauthorized (code={code})")
worker.providers.payvault.PaymentGatewayError: 401 Unauthorized (code=auth_token_expired)
2025-04-18T13:55:09.934Z ERROR payment-worker job=pay order=ORD-77511 request=req-9968d24c attempt=2 provider=payvault error='PaymentGatewayError: 401 Unauthorized (code=auth_token_expired)'
Traceback (most recent call last):
  File "/app/worker/payments.py", line 147, in capture
    resp = self.provider.charge(token=self.token, amount=amount)
           ^^^^^^^^^^^^^^^^^^^^^^^^^^^^^^^^^^^^^^^^^^^^^^^^^^^
  File "/app/worker/providers/payvault.py", line 61, in charge
    raise PaymentGatewayError(f"401 Unauthorized (code={code})")
worker.providers.payvault.PaymentGatewayError: 401 Unauthorized (code=auth_token_expired)
2025-04-18T13:55:10.759Z ERROR payment-worker job=pay order=ORD-77511 request=req-9968d24c attempt=3 provider=payvault error='PaymentGatewayError: 401 Unauthorized (code=auth_token_expired)'
Traceback (most recent call last):
  File "/app/worker/payments.py", line 147, in capture
    resp = self.provider.charge(token=self.token, amount=amount)
           ^^^^^^^^^^^^^^^^^^^^^^^^^^^^^^^^^^^^^^^^^^^^^^^^^^^
  File "/app/worker/providers/payvault.py", line 61, in charge
    raise PaymentGatewayError(f"401 Unauthorized (code={code})")
worker.providers.payvault.PaymentGatewayError: 401 Unauthorized (code=auth_token_expired)
2025-04-18T13:55:11.974Z ERROR payment-worker job=pay order=ORD-77511 request=req-9968d24c DEAD-LETTER after 3 attempts reason=PaymentGatewayError
2025-04-18T13:55:56.984Z ERROR payment-worker job=pay order=ORD-77512 request=req-59dd6892 attempt=1 provider=payvault error='PaymentGatewayError: 401 Unauthorized (code=auth_token_expired)'
Traceback (most recent call last):
  File "/app/worker/payments.py", line 147, in capture
    resp = self.provider.charge(token=self.token, amount=amount)
           ^^^^^^^^^^^^^^^^^^^^^^^^^^^^^^^^^^^^^^^^^^^^^^^^^^^
  File "/app/worker/providers/payvault.py", line 61, in charge
    raise PaymentGatewayError(f"401 Unauthorized (code={code})")
worker.providers.payvault.PaymentGatewayError: 401 Unauthorized (code=auth_token_expired)
2025-04-18T13:55:57.791Z ERROR payment-worker job=pay order=ORD-77512 request=req-59dd6892 attempt=2 provider=payvault error='PaymentGatewayError: 401 Unauthorized (code=auth_token_expired)'
Traceback (most recent call last):
  File "/app/worker/payments.py", line 147, in capture
    resp = self.provider.charge(token=self.token, amount=amount)
           ^^^^^^^^^^^^^^^^^^^^^^^^^^^^^^^^^^^^^^^^^^^^^^^^^^^
  File "/app/worker/providers/payvault.py", line 61, in charge
    raise PaymentGatewayError(f"401 Unauthorized (code={code})")
worker.providers.payvault.PaymentGatewayError: 401 Unauthorized (code=auth_token_expired)
2025-04-18T13:55:58.720Z ERROR payment-worker job=pay order=ORD-77512 request=req-59dd6892 attempt=3 provider=payvault error='PaymentGatewayError: 401 Unauthorized (code=auth_token_expired)'
Traceback (most recent call last):
  File "/app/worker/payments.py", line 147, in capture
    resp = self.provider.charge(token=self.token, amount=amount)
           ^^^^^^^^^^^^^^^^^^^^^^^^^^^^^^^^^^^^^^^^^^^^^^^^^^^
  File "/app/worker/providers/payvault.py", line 61, in charge
    raise PaymentGatewayError(f"401 Unauthorized (code={code})")
worker.providers.payvault.PaymentGatewayError: 401 Unauthorized (code=auth_token_expired)
2025-04-18T13:55:59.511Z ERROR payment-worker job=pay order=ORD-77512 request=req-59dd6892 DEAD-LETTER after 3 attempts reason=PaymentGatewayError
2025-04-18T13:57:01.358Z ERROR payment-worker job=pay order=ORD-77513 request=req-c0fa4210 attempt=1 provider=payvault error='PaymentGatewayError: 401 Unauthorized (code=auth_token_expired)'
Traceback (most recent call last):
  File "/app/worker/payments.py", line 147, in capture
    resp = self.provider.charge(token=self.token, amount=amount)
           ^^^^^^^^^^^^^^^^^^^^^^^^^^^^^^^^^^^^^^^^^^^^^^^^^^^
  File "/app/worker/providers/payvault.py", line 61, in charge
    raise PaymentGatewayError(f"401 Unauthorized (code={code})")
worker.providers.payvault.PaymentGatewayError: 401 Unauthorized (code=auth_token_expired)
2025-04-18T13:57:02.361Z ERROR payment-worker job=pay order=ORD-77513 request=req-c0fa4210 attempt=2 provider=payvault error='PaymentGatewayError: 401 Unauthorized (code=auth_token_expired)'
Traceback (most recent call last):
  File "/app/worker/payments.py", line 147, in capture
    resp = self.provider.charge(token=self.token, amount=amount)
           ^^^^^^^^^^^^^^^^^^^^^^^^^^^^^^^^^^^^^^^^^^^^^^^^^^^
  File "/app/worker/providers/payvault.py", line 61, in charge
    raise PaymentGatewayError(f"401 Unauthorized (code={code})")
worker.providers.payvault.PaymentGatewayError: 401 Unauthorized (code=auth_token_expired)
2025-04-18T13:57:03.568Z ERROR payment-worker job=pay order=ORD-77513 request=req-c0fa4210 attempt=3 provider=payvault error='PaymentGatewayError: 401 Unauthorized (code=auth_token_expired)'
Traceback (most recent call last):
  File "/app/worker/payments.py", line 147, in capture
    resp = self.provider.charge(token=self.token, amount=amount)
           ^^^^^^^^^^^^^^^^^^^^^^^^^^^^^^^^^^^^^^^^^^^^^^^^^^^
  File "/app/worker/providers/payvault.py", line 61, in charge
    raise PaymentGatewayError(f"401 Unauthorized (code={code})")
worker.providers.payvault.PaymentGatewayError: 401 Unauthorized (code=auth_token_expired)
2025-04-18T13:57:04.494Z ERROR payment-worker job=pay order=ORD-77513 request=req-c0fa4210 DEAD-LETTER after 3 attempts reason=PaymentGatewayError
2025-04-18T13:58:00.527Z ERROR payment-worker job=pay order=ORD-77514 request=req-314895e9 attempt=1 provider=payvault error='PaymentGatewayError: 401 Unauthorized (code=auth_token_expired)'
Traceback (most recent call last):
  File "/app/worker/payments.py", line 147, in capture
    resp = self.provider.charge(token=self.token, amount=amount)
           ^^^^^^^^^^^^^^^^^^^^^^^^^^^^^^^^^^^^^^^^^^^^^^^^^^^
  File "/app/worker/providers/payvault.py", line 61, in charge
    raise PaymentGatewayError(f"401 Unauthorized (code={code})")
worker.providers.payvault.PaymentGatewayError: 401 Unauthorized (code=auth_token_expired)
2025-04-18T13:58:01.258Z ERROR payment-worker job=pay order=ORD-77514 request=req-314895e9 attempt=2 provider=payvault error='PaymentGatewayError: 401 Unauthorized (code=auth_token_expired)'
Traceback (most recent call last):
  File "/app/worker/payments.py", line 147, in capture
    resp = self.provider.charge(token=self.token, amount=amount)
           ^^^^^^^^^^^^^^^^^^^^^^^^^^^^^^^^^^^^^^^^^^^^^^^^^^^
  File "/app/worker/providers/payvault.py", line 61, in charge
    raise PaymentGatewayError(f"401 Unauthorized (code={code})")
worker.providers.payvault.PaymentGatewayError: 401 Unauthorized (code=auth_token_expired)
2025-04-18T13:58:02.133Z ERROR payment-worker job=pay order=ORD-77514 request=req-314895e9 attempt=3 provider=payvault error='PaymentGatewayError: 401 Unauthorized (code=auth_token_expired)'
Traceback (most recent call last):
  File "/app/worker/payments.py", line 147, in capture
    resp = self.provider.charge(token=self.token, amount=amount)
           ^^^^^^^^^^^^^^^^^^^^^^^^^^^^^^^^^^^^^^^^^^^^^^^^^^^
  File "/app/worker/providers/payvault.py", line 61, in charge
    raise PaymentGatewayError(f"401 Unauthorized (code={code})")
worker.providers.payvault.PaymentGatewayError: 401 Unauthorized (code=auth_token_expired)
2025-04-18T13:58:03.994Z ERROR payment-worker job=pay order=ORD-77514 request=req-314895e9 DEAD-LETTER after 3 attempts reason=PaymentGatewayError
2025-04-18T13:58:54.392Z ERROR payment-worker job=pay order=ORD-77515 request=req-005e79b8 attempt=1 provider=payvault error='PaymentGatewayError: 401 Unauthorized (code=auth_token_expired)'
Traceback (most recent call last):
  File "/app/worker/payments.py", line 147, in capture
    resp = self.provider.charge(token=self.token, amount=amount)
           ^^^^^^^^^^^^^^^^^^^^^^^^^^^^^^^^^^^^^^^^^^^^^^^^^^^
  File "/app/worker/providers/payvault.py", line 61, in charge
    raise PaymentGatewayError(f"401 Unauthorized (code={code})")
worker.providers.payvault.PaymentGatewayError: 401 Unauthorized (code=auth_token_expired)
2025-04-18T13:58:55.100Z ERROR payment-worker job=pay order=ORD-77515 request=req-005e79b8 attempt=2 provider=payvault error='PaymentGatewayError: 401 Unauthorized (code=auth_token_expired)'
Traceback (most recent call last):
  File "/app/worker/payments.py", line 147, in capture
    resp = self.provider.charge(token=self.token, amount=amount)
           ^^^^^^^^^^^^^^^^^^^^^^^^^^^^^^^^^^^^^^^^^^^^^^^^^^^
  File "/app/worker/providers/payvault.py", line 61, in charge
    raise PaymentGatewayError(f"401 Unauthorized (code={code})")
worker.providers.payvault.PaymentGatewayError: 401 Unauthorized (code=auth_token_expired)
2025-04-18T13:58:56.348Z ERROR payment-worker job=pay order=ORD-77515 request=req-005e79b8 attempt=3 provider=payvault error='PaymentGatewayError: 401 Unauthorized (code=auth_token_expired)'
Traceback (most recent call last):
  File "/app/worker/payments.py", line 147, in capture
    resp = self.provider.charge(token=self.token, amount=amount)
           ^^^^^^^^^^^^^^^^^^^^^^^^^^^^^^^^^^^^^^^^^^^^^^^^^^^
  File "/app/worker/providers/payvault.py", line 61, in charge
    raise PaymentGatewayError(f"401 Unauthorized (code={code})")
worker.providers.payvault.PaymentGatewayError: 401 Unauthorized (code=auth_token_expired)
2025-04-18T13:58:57.849Z ERROR payment-worker job=pay order=ORD-77515 request=req-005e79b8 DEAD-LETTER after 3 attempts reason=PaymentGatewayError
2025-04-18T14:00:14.735Z ERROR payment-worker job=pay order=ORD-77511 request=req-4814ec70 attempt=1 provider=payvault error='PaymentGatewayError: 401 Unauthorized (code=auth_token_expired)'
Traceback (most recent call last):
  File "/app/worker/payments.py", line 147, in capture
    resp = self.provider.charge(token=self.token, amount=amount)
           ^^^^^^^^^^^^^^^^^^^^^^^^^^^^^^^^^^^^^^^^^^^^^^^^^^^
  File "/app/worker/providers/payvault.py", line 61, in charge
    raise PaymentGatewayError(f"401 Unauthorized (code={code})")
worker.providers.payvault.PaymentGatewayError: 401 Unauthorized (code=auth_token_expired)
2025-04-18T14:00:15.723Z ERROR payment-worker job=pay order=ORD-77511 request=req-4814ec70 attempt=2 provider=payvault error='PaymentGatewayError: 401 Unauthorized (code=auth_token_expired)'
Traceback (most recent call last):
  File "/app/worker/payments.py", line 147, in capture
    resp = self.provider.charge(token=self.token, amount=amount)
           ^^^^^^^^^^^^^^^^^^^^^^^^^^^^^^^^^^^^^^^^^^^^^^^^^^^
  File "/app/worker/providers/payvault.py", line 61, in charge
    raise PaymentGatewayError(f"401 Unauthorized (code={code})")
worker.providers.payvault.PaymentGatewayError: 401 Unauthorized (code=auth_token_expired)
2025-04-18T14:00:16.251Z ERROR payment-worker job=pay order=ORD-77511 request=req-4814ec70 attempt=3 provider=payvault error='PaymentGatewayError: 401 Unauthorized (code=auth_token_expired)'
Traceback (most recent call last):
  File "/app/worker/payments.py", line 147, in capture
    resp = self.provider.charge(token=self.token, amount=amount)
           ^^^^^^^^^^^^^^^^^^^^^^^^^^^^^^^^^^^^^^^^^^^^^^^^^^^
  File "/app/worker/providers/payvault.py", line 61, in charge
    raise PaymentGatewayError(f"401 Unauthorized (code={code})")
worker.providers.payvault.PaymentGatewayError: 401 Unauthorized (code=auth_token_expired)
2025-04-18T14:00:17.362Z ERROR payment-worker job=pay order=ORD-77511 request=req-4814ec70 DEAD-LETTER after 3 attempts reason=PaymentGatewayError
2025-04-18T14:00:17.626Z ERROR payment-worker job=pay order=ORD-77516 request=req-76a90eb8 attempt=1 provider=payvault error='PaymentGatewayError: 401 Unauthorized (code=auth_token_expired)'
Traceback (most recent call last):
  File "/app/worker/payments.py", line 147, in capture
    resp = self.provider.charge(token=self.token, amount=amount)
           ^^^^^^^^^^^^^^^^^^^^^^^^^^^^^^^^^^^^^^^^^^^^^^^^^^^
  File "/app/worker/providers/payvault.py", line 61, in charge
    raise PaymentGatewayError(f"401 Unauthorized (code={code})")
worker.providers.payvault.PaymentGatewayError: 401 Unauthorized (code=auth_token_expired)
2025-04-18T14:00:18.469Z ERROR payment-worker job=pay order=ORD-77516 request=req-76a90eb8 attempt=2 provider=payvault error='PaymentGatewayError: 401 Unauthorized (code=auth_token_expired)'
Traceback (most recent call last):
  File "/app/worker/payments.py", line 147, in capture
    resp = self.provider.charge(token=self.token, amount=amount)
           ^^^^^^^^^^^^^^^^^^^^^^^^^^^^^^^^^^^^^^^^^^^^^^^^^^^
  File "/app/worker/providers/payvault.py", line 61, in charge
    raise PaymentGatewayError(f"401 Unauthorized (code={code})")
worker.providers.payvault.PaymentGatewayError: 401 Unauthorized (code=auth_token_expired)
2025-04-18T14:00:19.794Z ERROR payment-worker job=pay order=ORD-77516 request=req-76a90eb8 attempt=3 provider=payvault error='PaymentGatewayError: 401 Unauthorized (code=auth_token_expired)'
Traceback (most recent call last):
  File "/app/worker/payments.py", line 147, in capture
    resp = self.provider.charge(token=self.token, amount=amount)
           ^^^^^^^^^^^^^^^^^^^^^^^^^^^^^^^^^^^^^^^^^^^^^^^^^^^
  File "/app/worker/providers/payvault.py", line 61, in charge
    raise PaymentGatewayError(f"401 Unauthorized (code={code})")
worker.providers.payvault.PaymentGatewayError: 401 Unauthorized (code=auth_token_expired)
2025-04-18T14:00:20.196Z ERROR payment-worker job=pay order=ORD-77516 request=req-76a90eb8 DEAD-LETTER after 3 attempts reason=PaymentGatewayError
2025-04-18T14:01:37.633Z ERROR payment-worker job=pay order=ORD-77514 request=req-d77a059d attempt=1 provider=payvault error='PaymentGatewayError: 401 Unauthorized (code=auth_token_expired)'
Traceback (most recent call last):
  File "/app/worker/payments.py", line 147, in capture
    resp = self.provider.charge(token=self.token, amount=amount)
           ^^^^^^^^^^^^^^^^^^^^^^^^^^^^^^^^^^^^^^^^^^^^^^^^^^^
  File "/app/worker/providers/payvault.py", line 61, in charge
    raise PaymentGatewayError(f"401 Unauthorized (code={code})")
worker.providers.payvault.PaymentGatewayError: 401 Unauthorized (code=auth_token_expired)
2025-04-18T14:01:38.488Z ERROR payment-worker job=pay order=ORD-77514 request=req-d77a059d attempt=2 provider=payvault error='PaymentGatewayError: 401 Unauthorized (code=auth_token_expired)'
Traceback (most recent call last):
  File "/app/worker/payments.py", line 147, in capture
    resp = self.provider.charge(token=self.token, amount=amount)
           ^^^^^^^^^^^^^^^^^^^^^^^^^^^^^^^^^^^^^^^^^^^^^^^^^^^
  File "/app/worker/providers/payvault.py", line 61, in charge
    raise PaymentGatewayError(f"401 Unauthorized (code={code})")
worker.providers.payvault.PaymentGatewayError: 401 Unauthorized (code=auth_token_expired)
2025-04-18T14:01:39.371Z ERROR payment-worker job=pay order=ORD-77514 request=req-d77a059d attempt=3 provider=payvault error='PaymentGatewayError: 401 Unauthorized (code=auth_token_expired)'
Traceback (most recent call last):
  File "/app/worker/payments.py", line 147, in capture
    resp = self.provider.charge(token=self.token, amount=amount)
           ^^^^^^^^^^^^^^^^^^^^^^^^^^^^^^^^^^^^^^^^^^^^^^^^^^^
  File "/app/worker/providers/payvault.py", line 61, in charge
    raise PaymentGatewayError(f"401 Unauthorized (code={code})")
worker.providers.payvault.PaymentGatewayError: 401 Unauthorized (code=auth_token_expired)
2025-04-18T14:01:40.197Z ERROR payment-worker job=pay order=ORD-77514 request=req-d77a059d DEAD-LETTER after 3 attempts reason=PaymentGatewayError
2025-04-18T14:01:41.378Z ERROR payment-worker job=pay order=ORD-77517 request=req-bcc62b71 attempt=1 provider=payvault error='PaymentGatewayError: 401 Unauthorized (code=auth_token_expired)'
Traceback (most recent call last):
  File "/app/worker/payments.py", line 147, in capture
    resp = self.provider.charge(token=self.token, amount=amount)
           ^^^^^^^^^^^^^^^^^^^^^^^^^^^^^^^^^^^^^^^^^^^^^^^^^^^
  File "/app/worker/providers/payvault.py", line 61, in charge
    raise PaymentGatewayError(f"401 Unauthorized (code={code})")
worker.providers.payvault.PaymentGatewayError: 401 Unauthorized (code=auth_token_expired)
2025-04-18T14:01:42.251Z ERROR payment-worker job=pay order=ORD-77517 request=req-bcc62b71 attempt=2 provider=payvault error='PaymentGatewayError: 401 Unauthorized (code=auth_token_expired)'
Traceback (most recent call last):
  File "/app/worker/payments.py", line 147, in capture
    resp = self.provider.charge(token=self.token, amount=amount)
           ^^^^^^^^^^^^^^^^^^^^^^^^^^^^^^^^^^^^^^^^^^^^^^^^^^^
  File "/app/worker/providers/payvault.py", line 61, in charge
    raise PaymentGatewayError(f"401 Unauthorized (code={code})")
worker.providers.payvault.PaymentGatewayError: 401 Unauthorized (code=auth_token_expired)
2025-04-18T14:01:43.604Z ERROR payment-worker job=pay order=ORD-77517 request=req-bcc62b71 attempt=3 provider=payvault error='PaymentGatewayError: 401 Unauthorized (code=auth_token_expired)'
Traceback (most recent call last):
  File "/app/worker/payments.py", line 147, in capture
    resp = self.provider.charge(token=self.token, amount=amount)
           ^^^^^^^^^^^^^^^^^^^^^^^^^^^^^^^^^^^^^^^^^^^^^^^^^^^
  File "/app/worker/providers/payvault.py", line 61, in charge
    raise PaymentGatewayError(f"401 Unauthorized (code={code})")
worker.providers.payvault.PaymentGatewayError: 401 Unauthorized (code=auth_token_expired)
2025-04-18T14:01:44.939Z ERROR payment-worker job=pay order=ORD-77517 request=req-bcc62b71 DEAD-LETTER after 3 attempts reason=PaymentGatewayError
2025-04-18T14:02:58.874Z ERROR payment-worker job=pay order=ORD-77518 request=req-8167a11d attempt=1 provider=payvault error='PaymentGatewayError: 401 Unauthorized (code=auth_token_expired)'
Traceback (most recent call last):
  File "/app/worker/payments.py", line 147, in capture
    resp = self.provider.charge(token=self.token, amount=amount)
           ^^^^^^^^^^^^^^^^^^^^^^^^^^^^^^^^^^^^^^^^^^^^^^^^^^^
  File "/app/worker/providers/payvault.py", line 61, in charge
    raise PaymentGatewayError(f"401 Unauthorized (code={code})")
worker.providers.payvault.PaymentGatewayError: 401 Unauthorized (code=auth_token_expired)
2025-04-18T14:02:59.924Z ERROR payment-worker job=pay order=ORD-77518 request=req-8167a11d attempt=2 provider=payvault error='PaymentGatewayError: 401 Unauthorized (code=auth_token_expired)'
Traceback (most recent call last):
  File "/app/worker/payments.py", line 147, in capture
    resp = self.provider.charge(token=self.token, amount=amount)
           ^^^^^^^^^^^^^^^^^^^^^^^^^^^^^^^^^^^^^^^^^^^^^^^^^^^
  File "/app/worker/providers/payvault.py", line 61, in charge
    raise PaymentGatewayError(f"401 Unauthorized (code={code})")
worker.providers.payvault.PaymentGatewayError: 401 Unauthorized (code=auth_token_expired)
2025-04-18T14:03:00.686Z ERROR payment-worker job=pay order=ORD-77518 request=req-8167a11d attempt=3 provider=payvault error='PaymentGatewayError: 401 Unauthorized (code=auth_token_expired)'
Traceback (most recent call last):
  File "/app/worker/payments.py", line 147, in capture
    resp = self.provider.charge(token=self.token, amount=amount)
           ^^^^^^^^^^^^^^^^^^^^^^^^^^^^^^^^^^^^^^^^^^^^^^^^^^^
  File "/app/worker/providers/payvault.py", line 61, in charge
    raise PaymentGatewayError(f"401 Unauthorized (code={code})")
worker.providers.payvault.PaymentGatewayError: 401 Unauthorized (code=auth_token_expired)
2025-04-18T14:03:02.408Z ERROR payment-worker job=pay order=ORD-77518 request=req-8167a11d DEAD-LETTER after 3 attempts reason=PaymentGatewayError
2025-04-18T14:04:20.029Z ERROR payment-worker job=pay order=ORD-77519 request=req-20d24f0f attempt=1 provider=payvault error='PaymentGatewayError: 401 Unauthorized (code=auth_token_expired)'
Traceback (most recent call last):
  File "/app/worker/payments.py", line 147, in capture
    resp = self.provider.charge(token=self.token, amount=amount)
           ^^^^^^^^^^^^^^^^^^^^^^^^^^^^^^^^^^^^^^^^^^^^^^^^^^^
  File "/app/worker/providers/payvault.py", line 61, in charge
    raise PaymentGatewayError(f"401 Unauthorized (code={code})")
worker.providers.payvault.PaymentGatewayError: 401 Unauthorized (code=auth_token_expired)
2025-04-18T14:04:21.192Z ERROR payment-worker job=pay order=ORD-77519 request=req-20d24f0f attempt=2 provider=payvault error='PaymentGatewayError: 401 Unauthorized (code=auth_token_expired)'
Traceback (most recent call last):
  File "/app/worker/payments.py", line 147, in capture
    resp = self.provider.charge(token=self.token, amount=amount)
           ^^^^^^^^^^^^^^^^^^^^^^^^^^^^^^^^^^^^^^^^^^^^^^^^^^^
  File "/app/worker/providers/payvault.py", line 61, in charge
    raise PaymentGatewayError(f"401 Unauthorized (code={code})")
worker.providers.payvault.PaymentGatewayError: 401 Unauthorized (code=auth_token_expired)
2025-04-18T14:04:22.011Z ERROR payment-worker job=pay order=ORD-77519 request=req-20d24f0f attempt=3 provider=payvault error='PaymentGatewayError: 401 Unauthorized (code=auth_token_expired)'
Traceback (most recent call last):
  File "/app/worker/payments.py", line 147, in capture
    resp = self.provider.charge(token=self.token, amount=amount)
           ^^^^^^^^^^^^^^^^^^^^^^^^^^^^^^^^^^^^^^^^^^^^^^^^^^^
  File "/app/worker/providers/payvault.py", line 61, in charge
    raise PaymentGatewayError(f"401 Unauthorized (code={code})")
worker.providers.payvault.PaymentGatewayError: 401 Unauthorized (code=auth_token_expired)
2025-04-18T14:04:23.469Z ERROR payment-worker job=pay order=ORD-77519 request=req-20d24f0f DEAD-LETTER after 3 attempts reason=PaymentGatewayError
2025-04-18T14:05:07.626Z ERROR payment-worker job=pay order=ORD-77520 request=req-97d2cca4 attempt=1 provider=payvault error='PaymentGatewayError: 401 Unauthorized (code=auth_token_expired)'
Traceback (most recent call last):
  File "/app/worker/payments.py", line 147, in capture
    resp = self.provider.charge(token=self.token, amount=amount)
           ^^^^^^^^^^^^^^^^^^^^^^^^^^^^^^^^^^^^^^^^^^^^^^^^^^^
  File "/app/worker/providers/payvault.py", line 61, in charge
    raise PaymentGatewayError(f"401 Unauthorized (code={code})")
worker.providers.payvault.PaymentGatewayError: 401 Unauthorized (code=auth_token_expired)
2025-04-18T14:05:08.676Z ERROR payment-worker job=pay order=ORD-77520 request=req-97d2cca4 attempt=2 provider=payvault error='PaymentGatewayError: 401 Unauthorized (code=auth_token_expired)'
Traceback (most recent call last):
  File "/app/worker/payments.py", line 147, in capture
    resp = self.provider.charge(token=self.token, amount=amount)
           ^^^^^^^^^^^^^^^^^^^^^^^^^^^^^^^^^^^^^^^^^^^^^^^^^^^
  File "/app/worker/providers/payvault.py", line 61, in charge
    raise PaymentGatewayError(f"401 Unauthorized (code={code})")
worker.providers.payvault.PaymentGatewayError: 401 Unauthorized (code=auth_token_expired)
2025-04-18T14:05:09.610Z ERROR payment-worker job=pay order=ORD-77520 request=req-97d2cca4 attempt=3 provider=payvault error='PaymentGatewayError: 401 Unauthorized (code=auth_token_expired)'
Traceback (most recent call last):
  File "/app/worker/payments.py", line 147, in capture
    resp = self.provider.charge(token=self.token, amount=amount)
           ^^^^^^^^^^^^^^^^^^^^^^^^^^^^^^^^^^^^^^^^^^^^^^^^^^^
  File "/app/worker/providers/payvault.py", line 61, in charge
    raise PaymentGatewayError(f"401 Unauthorized (code={code})")
worker.providers.payvault.PaymentGatewayError: 401 Unauthorized (code=auth_token_expired)
2025-04-18T14:05:10.425Z ERROR payment-worker job=pay order=ORD-77520 request=req-97d2cca4 DEAD-LETTER after 3 attempts reason=PaymentGatewayError
2025-04-18T14:06:17.651Z ERROR payment-worker job=pay order=ORD-77521 request=req-9aefd3a5 attempt=1 provider=payvault error='PaymentGatewayError: 401 Unauthorized (code=auth_token_expired)'
Traceback (most recent call last):
  File "/app/worker/payments.py", line 147, in capture
    resp = self.provider.charge(token=self.token, amount=amount)
           ^^^^^^^^^^^^^^^^^^^^^^^^^^^^^^^^^^^^^^^^^^^^^^^^^^^
  File "/app/worker/providers/payvault.py", line 61, in charge
    raise PaymentGatewayError(f"401 Unauthorized (code={code})")
worker.providers.payvault.PaymentGatewayError: 401 Unauthorized (code=auth_token_expired)
2025-04-18T14:06:18.409Z ERROR payment-worker job=pay order=ORD-77521 request=req-9aefd3a5 attempt=2 provider=payvault error='PaymentGatewayError: 401 Unauthorized (code=auth_token_expired)'
Traceback (most recent call last):
  File "/app/worker/payments.py", line 147, in capture
    resp = self.provider.charge(token=self.token, amount=amount)
           ^^^^^^^^^^^^^^^^^^^^^^^^^^^^^^^^^^^^^^^^^^^^^^^^^^^
  File "/app/worker/providers/payvault.py", line 61, in charge
    raise PaymentGatewayError(f"401 Unauthorized (code={code})")
worker.providers.payvault.PaymentGatewayError: 401 Unauthorized (code=auth_token_expired)
2025-04-18T14:06:19.585Z ERROR payment-worker job=pay order=ORD-77521 request=req-9aefd3a5 attempt=3 provider=payvault error='PaymentGatewayError: 401 Unauthorized (code=auth_token_expired)'
Traceback (most recent call last):
  File "/app/worker/payments.py", line 147, in capture
    resp = self.provider.charge(token=self.token, amount=amount)
           ^^^^^^^^^^^^^^^^^^^^^^^^^^^^^^^^^^^^^^^^^^^^^^^^^^^
  File "/app/worker/providers/payvault.py", line 61, in charge
    raise PaymentGatewayError(f"401 Unauthorized (code={code})")
worker.providers.payvault.PaymentGatewayError: 401 Unauthorized (code=auth_token_expired)
2025-04-18T14:06:20.263Z ERROR payment-worker job=pay order=ORD-77521 request=req-9aefd3a5 DEAD-LETTER after 3 attempts reason=PaymentGatewayError
2025-04-18T14:07:10.569Z ERROR payment-worker job=pay order=ORD-77522 request=req-7c5e3f3f attempt=1 provider=payvault error='PaymentGatewayError: 401 Unauthorized (code=auth_token_expired)'
Traceback (most recent call last):
  File "/app/worker/payments.py", line 147, in capture
    resp = self.provider.charge(token=self.token, amount=amount)
           ^^^^^^^^^^^^^^^^^^^^^^^^^^^^^^^^^^^^^^^^^^^^^^^^^^^
  File "/app/worker/providers/payvault.py", line 61, in charge
    raise PaymentGatewayError(f"401 Unauthorized (code={code})")
worker.providers.payvault.PaymentGatewayError: 401 Unauthorized (code=auth_token_expired)
2025-04-18T14:07:11.460Z ERROR payment-worker job=pay order=ORD-77522 request=req-7c5e3f3f attempt=2 provider=payvault error='PaymentGatewayError: 401 Unauthorized (code=auth_token_expired)'
Traceback (most recent call last):
  File "/app/worker/payments.py", line 147, in capture
    resp = self.provider.charge(token=self.token, amount=amount)
           ^^^^^^^^^^^^^^^^^^^^^^^^^^^^^^^^^^^^^^^^^^^^^^^^^^^
  File "/app/worker/providers/payvault.py", line 61, in charge
    raise PaymentGatewayError(f"401 Unauthorized (code={code})")
worker.providers.payvault.PaymentGatewayError: 401 Unauthorized (code=auth_token_expired)
2025-04-18T14:07:12.943Z ERROR payment-worker job=pay order=ORD-77522 request=req-7c5e3f3f attempt=3 provider=payvault error='PaymentGatewayError: 401 Unauthorized (code=auth_token_expired)'
Traceback (most recent call last):
  File "/app/worker/payments.py", line 147, in capture
    resp = self.provider.charge(token=self.token, amount=amount)
           ^^^^^^^^^^^^^^^^^^^^^^^^^^^^^^^^^^^^^^^^^^^^^^^^^^^
  File "/app/worker/providers/payvault.py", line 61, in charge
    raise PaymentGatewayError(f"401 Unauthorized (code={code})")
worker.providers.payvault.PaymentGatewayError: 401 Unauthorized (code=auth_token_expired)
2025-04-18T14:07:13.750Z ERROR payment-worker job=pay order=ORD-77522 request=req-7c5e3f3f DEAD-LETTER after 3 attempts reason=PaymentGatewayError
2025-04-18T14:08:14.035Z ERROR payment-worker job=pay order=ORD-77518 request=req-337a736a attempt=1 provider=payvault error='PaymentGatewayError: 401 Unauthorized (code=auth_token_expired)'
Traceback (most recent call last):
  File "/app/worker/payments.py", line 147, in capture
    resp = self.provider.charge(token=self.token, amount=amount)
           ^^^^^^^^^^^^^^^^^^^^^^^^^^^^^^^^^^^^^^^^^^^^^^^^^^^
  File "/app/worker/providers/payvault.py", line 61, in charge
    raise PaymentGatewayError(f"401 Unauthorized (code={code})")
worker.providers.payvault.PaymentGatewayError: 401 Unauthorized (code=auth_token_expired)
2025-04-18T14:08:15.211Z ERROR payment-worker job=pay order=ORD-77518 request=req-337a736a attempt=2 provider=payvault error='PaymentGatewayError: 401 Unauthorized (code=auth_token_expired)'
Traceback (most recent call last):
  File "/app/worker/payments.py", line 147, in capture
    resp = self.provider.charge(token=self.token, amount=amount)
           ^^^^^^^^^^^^^^^^^^^^^^^^^^^^^^^^^^^^^^^^^^^^^^^^^^^
  File "/app/worker/providers/payvault.py", line 61, in charge
    raise PaymentGatewayError(f"401 Unauthorized (code={code})")
worker.providers.payvault.PaymentGatewayError: 401 Unauthorized (code=auth_token_expired)
2025-04-18T14:08:15.647Z ERROR payment-worker job=pay order=ORD-77518 request=req-337a736a attempt=3 provider=payvault error='PaymentGatewayError: 401 Unauthorized (code=auth_token_expired)'
Traceback (most recent call last):
  File "/app/worker/payments.py", line 147, in capture
    resp = self.provider.charge(token=self.token, amount=amount)
           ^^^^^^^^^^^^^^^^^^^^^^^^^^^^^^^^^^^^^^^^^^^^^^^^^^^
  File "/app/worker/providers/payvault.py", line 61, in charge
    raise PaymentGatewayError(f"401 Unauthorized (code={code})")
worker.providers.payvault.PaymentGatewayError: 401 Unauthorized (code=auth_token_expired)
2025-04-18T14:08:17.006Z ERROR payment-worker job=pay order=ORD-77518 request=req-337a736a DEAD-LETTER after 3 attempts reason=PaymentGatewayError
2025-04-18T14:08:30.487Z ERROR payment-worker job=pay order=ORD-77523 request=req-2cdde972 attempt=1 provider=payvault error='PaymentGatewayError: 401 Unauthorized (code=auth_token_expired)'
Traceback (most recent call last):
  File "/app/worker/payments.py", line 147, in capture
    resp = self.provider.charge(token=self.token, amount=amount)
           ^^^^^^^^^^^^^^^^^^^^^^^^^^^^^^^^^^^^^^^^^^^^^^^^^^^
  File "/app/worker/providers/payvault.py", line 61, in charge
    raise PaymentGatewayError(f"401 Unauthorized (code={code})")
worker.providers.payvault.PaymentGatewayError: 401 Unauthorized (code=auth_token_expired)
2025-04-18T14:08:31.387Z ERROR payment-worker job=pay order=ORD-77523 request=req-2cdde972 attempt=2 provider=payvault error='PaymentGatewayError: 401 Unauthorized (code=auth_token_expired)'
Traceback (most recent call last):
  File "/app/worker/payments.py", line 147, in capture
    resp = self.provider.charge(token=self.token, amount=amount)
           ^^^^^^^^^^^^^^^^^^^^^^^^^^^^^^^^^^^^^^^^^^^^^^^^^^^
  File "/app/worker/providers/payvault.py", line 61, in charge
    raise PaymentGatewayError(f"401 Unauthorized (code={code})")
worker.providers.payvault.PaymentGatewayError: 401 Unauthorized (code=auth_token_expired)
2025-04-18T14:08:31.987Z ERROR payment-worker job=pay order=ORD-77523 request=req-2cdde972 attempt=3 provider=payvault error='PaymentGatewayError: 401 Unauthorized (code=auth_token_expired)'
Traceback (most recent call last):
  File "/app/worker/payments.py", line 147, in capture
    resp = self.provider.charge(token=self.token, amount=amount)
           ^^^^^^^^^^^^^^^^^^^^^^^^^^^^^^^^^^^^^^^^^^^^^^^^^^^
  File "/app/worker/providers/payvault.py", line 61, in charge
    raise PaymentGatewayError(f"401 Unauthorized (code={code})")
worker.providers.payvault.PaymentGatewayError: 401 Unauthorized (code=auth_token_expired)
2025-04-18T14:08:33.378Z ERROR payment-worker job=pay order=ORD-77523 request=req-2cdde972 DEAD-LETTER after 3 attempts reason=PaymentGatewayError
2025-04-18T14:09:35.848Z ERROR payment-worker job=pay order=ORD-77517 request=req-3f4d8b0c attempt=1 provider=payvault error='PaymentGatewayError: 401 Unauthorized (code=auth_token_expired)'
Traceback (most recent call last):
  File "/app/worker/payments.py", line 147, in capture
    resp = self.provider.charge(token=self.token, amount=amount)
           ^^^^^^^^^^^^^^^^^^^^^^^^^^^^^^^^^^^^^^^^^^^^^^^^^^^
  File "/app/worker/providers/payvault.py", line 61, in charge
    raise PaymentGatewayError(f"401 Unauthorized (code={code})")
worker.providers.payvault.PaymentGatewayError: 401 Unauthorized (code=auth_token_expired)
2025-04-18T14:09:36.823Z ERROR payment-worker job=pay order=ORD-77517 request=req-3f4d8b0c attempt=2 provider=payvault error='PaymentGatewayError: 401 Unauthorized (code=auth_token_expired)'
Traceback (most recent call last):
  File "/app/worker/payments.py", line 147, in capture
    resp = self.provider.charge(token=self.token, amount=amount)
           ^^^^^^^^^^^^^^^^^^^^^^^^^^^^^^^^^^^^^^^^^^^^^^^^^^^
  File "/app/worker/providers/payvault.py", line 61, in charge
    raise PaymentGatewayError(f"401 Unauthorized (code={code})")
worker.providers.payvault.PaymentGatewayError: 401 Unauthorized (code=auth_token_expired)
2025-04-18T14:09:37.348Z ERROR payment-worker job=pay order=ORD-77517 request=req-3f4d8b0c attempt=3 provider=payvault error='PaymentGatewayError: 401 Unauthorized (code=auth_token_expired)'
Traceback (most recent call last):
  File "/app/worker/payments.py", line 147, in capture
    resp = self.provider.charge(token=self.token, amount=amount)
           ^^^^^^^^^^^^^^^^^^^^^^^^^^^^^^^^^^^^^^^^^^^^^^^^^^^
  File "/app/worker/providers/payvault.py", line 61, in charge
    raise PaymentGatewayError(f"401 Unauthorized (code={code})")
worker.providers.payvault.PaymentGatewayError: 401 Unauthorized (code=auth_token_expired)
2025-04-18T14:09:38.380Z ERROR payment-worker job=pay order=ORD-77517 request=req-3f4d8b0c DEAD-LETTER after 3 attempts reason=PaymentGatewayError
2025-04-18T14:09:40.000Z ERROR payment-worker job=pay order=ORD-77524 request=req-53e51332 attempt=1 provider=payvault error='PaymentGatewayError: 401 Unauthorized (code=auth_token_expired)'
Traceback (most recent call last):
  File "/app/worker/payments.py", line 147, in capture
    resp = self.provider.charge(token=self.token, amount=amount)
           ^^^^^^^^^^^^^^^^^^^^^^^^^^^^^^^^^^^^^^^^^^^^^^^^^^^
  File "/app/worker/providers/payvault.py", line 61, in charge
    raise PaymentGatewayError(f"401 Unauthorized (code={code})")
worker.providers.payvault.PaymentGatewayError: 401 Unauthorized (code=auth_token_expired)
2025-04-18T14:09:40.727Z ERROR payment-worker job=pay order=ORD-77524 request=req-53e51332 attempt=2 provider=payvault error='PaymentGatewayError: 401 Unauthorized (code=auth_token_expired)'
Traceback (most recent call last):
  File "/app/worker/payments.py", line 147, in capture
    resp = self.provider.charge(token=self.token, amount=amount)
           ^^^^^^^^^^^^^^^^^^^^^^^^^^^^^^^^^^^^^^^^^^^^^^^^^^^
  File "/app/worker/providers/payvault.py", line 61, in charge
    raise PaymentGatewayError(f"401 Unauthorized (code={code})")
worker.providers.payvault.PaymentGatewayError: 401 Unauthorized (code=auth_token_expired)
2025-04-18T14:09:42.354Z ERROR payment-worker job=pay order=ORD-77524 request=req-53e51332 attempt=3 provider=payvault error='PaymentGatewayError: 401 Unauthorized (code=auth_token_expired)'
Traceback (most recent call last):
  File "/app/worker/payments.py", line 147, in capture
    resp = self.provider.charge(token=self.token, amount=amount)
           ^^^^^^^^^^^^^^^^^^^^^^^^^^^^^^^^^^^^^^^^^^^^^^^^^^^
  File "/app/worker/providers/payvault.py", line 61, in charge
    raise PaymentGatewayError(f"401 Unauthorized (code={code})")
worker.providers.payvault.PaymentGatewayError: 401 Unauthorized (code=auth_token_expired)
2025-04-18T14:09:43.188Z ERROR payment-worker job=pay order=ORD-77524 request=req-53e51332 DEAD-LETTER after 3 attempts reason=PaymentGatewayError
2025-04-18T14:10:31.549Z ERROR payment-worker job=pay order=ORD-77525 request=req-1211dc4a attempt=1 provider=payvault error='PaymentGatewayError: 401 Unauthorized (code=auth_token_expired)'
Traceback (most recent call last):
  File "/app/worker/payments.py", line 147, in capture
    resp = self.provider.charge(token=self.token, amount=amount)
           ^^^^^^^^^^^^^^^^^^^^^^^^^^^^^^^^^^^^^^^^^^^^^^^^^^^
  File "/app/worker/providers/payvault.py", line 61, in charge
    raise PaymentGatewayError(f"401 Unauthorized (code={code})")
worker.providers.payvault.PaymentGatewayError: 401 Unauthorized (code=auth_token_expired)
2025-04-18T14:10:32.446Z ERROR payment-worker job=pay order=ORD-77525 request=req-1211dc4a attempt=2 provider=payvault error='PaymentGatewayError: 401 Unauthorized (code=auth_token_expired)'
Traceback (most recent call last):
  File "/app/worker/payments.py", line 147, in capture
    resp = self.provider.charge(token=self.token, amount=amount)
           ^^^^^^^^^^^^^^^^^^^^^^^^^^^^^^^^^^^^^^^^^^^^^^^^^^^
  File "/app/worker/providers/payvault.py", line 61, in charge
    raise PaymentGatewayError(f"401 Unauthorized (code={code})")
worker.providers.payvault.PaymentGatewayError: 401 Unauthorized (code=auth_token_expired)
2025-04-18T14:10:33.241Z ERROR payment-worker job=pay order=ORD-77525 request=req-1211dc4a attempt=3 provider=payvault error='PaymentGatewayError: 401 Unauthorized (code=auth_token_expired)'
Traceback (most recent call last):
  File "/app/worker/payments.py", line 147, in capture
    resp = self.provider.charge(token=self.token, amount=amount)
           ^^^^^^^^^^^^^^^^^^^^^^^^^^^^^^^^^^^^^^^^^^^^^^^^^^^
  File "/app/worker/providers/payvault.py", line 61, in charge
    raise PaymentGatewayError(f"401 Unauthorized (code={code})")
worker.providers.payvault.PaymentGatewayError: 401 Unauthorized (code=auth_token_expired)
2025-04-18T14:10:34.644Z ERROR payment-worker job=pay order=ORD-77525 request=req-1211dc4a DEAD-LETTER after 3 attempts reason=PaymentGatewayError
2025-04-18T14:11:24.587Z ERROR payment-worker job=pay order=ORD-77526 request=req-079cbcd8 attempt=1 provider=payvault error='PaymentGatewayError: 401 Unauthorized (code=auth_token_expired)'
Traceback (most recent call last):
  File "/app/worker/payments.py", line 147, in capture
    resp = self.provider.charge(token=self.token, amount=amount)
           ^^^^^^^^^^^^^^^^^^^^^^^^^^^^^^^^^^^^^^^^^^^^^^^^^^^
  File "/app/worker/providers/payvault.py", line 61, in charge
    raise PaymentGatewayError(f"401 Unauthorized (code={code})")
worker.providers.payvault.PaymentGatewayError: 401 Unauthorized (code=auth_token_expired)
2025-04-18T14:11:25.658Z ERROR payment-worker job=pay order=ORD-77526 request=req-079cbcd8 attempt=2 provider=payvault error='PaymentGatewayError: 401 Unauthorized (code=auth_token_expired)'
Traceback (most recent call last):
  File "/app/worker/payments.py", line 147, in capture
    resp = self.provider.charge(token=self.token, amount=amount)
           ^^^^^^^^^^^^^^^^^^^^^^^^^^^^^^^^^^^^^^^^^^^^^^^^^^^
  File "/app/worker/providers/payvault.py", line 61, in charge
    raise PaymentGatewayError(f"401 Unauthorized (code={code})")
worker.providers.payvault.PaymentGatewayError: 401 Unauthorized (code=auth_token_expired)
2025-04-18T14:11:26.389Z ERROR payment-worker job=pay order=ORD-77526 request=req-079cbcd8 attempt=3 provider=payvault error='PaymentGatewayError: 401 Unauthorized (code=auth_token_expired)'
Traceback (most recent call last):
  File "/app/worker/payments.py", line 147, in capture
    resp = self.provider.charge(token=self.token, amount=amount)
           ^^^^^^^^^^^^^^^^^^^^^^^^^^^^^^^^^^^^^^^^^^^^^^^^^^^
  File "/app/worker/providers/payvault.py", line 61, in charge
    raise PaymentGatewayError(f"401 Unauthorized (code={code})")
worker.providers.payvault.PaymentGatewayError: 401 Unauthorized (code=auth_token_expired)
2025-04-18T14:11:27.917Z ERROR payment-worker job=pay order=ORD-77526 request=req-079cbcd8 DEAD-LETTER after 3 attempts reason=PaymentGatewayError
2025-04-18T14:12:28.914Z ERROR payment-worker job=pay order=ORD-77527 request=req-d84033fa attempt=1 provider=payvault error='PaymentGatewayError: 401 Unauthorized (code=auth_token_expired)'
Traceback (most recent call last):
  File "/app/worker/payments.py", line 147, in capture
    resp = self.provider.charge(token=self.token, amount=amount)
           ^^^^^^^^^^^^^^^^^^^^^^^^^^^^^^^^^^^^^^^^^^^^^^^^^^^
  File "/app/worker/providers/payvault.py", line 61, in charge
    raise PaymentGatewayError(f"401 Unauthorized (code={code})")
worker.providers.payvault.PaymentGatewayError: 401 Unauthorized (code=auth_token_expired)
2025-04-18T14:12:29.630Z ERROR payment-worker job=pay order=ORD-77527 request=req-d84033fa attempt=2 provider=payvault error='PaymentGatewayError: 401 Unauthorized (code=auth_token_expired)'
Traceback (most recent call last):
  File "/app/worker/payments.py", line 147, in capture
    resp = self.provider.charge(token=self.token, amount=amount)
           ^^^^^^^^^^^^^^^^^^^^^^^^^^^^^^^^^^^^^^^^^^^^^^^^^^^
  File "/app/worker/providers/payvault.py", line 61, in charge
    raise PaymentGatewayError(f"401 Unauthorized (code={code})")
worker.providers.payvault.PaymentGatewayError: 401 Unauthorized (code=auth_token_expired)
2025-04-18T14:12:30.956Z ERROR payment-worker job=pay order=ORD-77527 request=req-d84033fa attempt=3 provider=payvault error='PaymentGatewayError: 401 Unauthorized (code=auth_token_expired)'
Traceback (most recent call last):
  File "/app/worker/payments.py", line 147, in capture
    resp = self.provider.charge(token=self.token, amount=amount)
           ^^^^^^^^^^^^^^^^^^^^^^^^^^^^^^^^^^^^^^^^^^^^^^^^^^^
  File "/app/worker/providers/payvault.py", line 61, in charge
    raise PaymentGatewayError(f"401 Unauthorized (code={code})")
worker.providers.payvault.PaymentGatewayError: 401 Unauthorized (code=auth_token_expired)
2025-04-18T14:12:31.786Z ERROR payment-worker job=pay order=ORD-77527 request=req-d84033fa DEAD-LETTER after 3 attempts reason=PaymentGatewayError
2025-04-18T14:13:38.774Z ERROR payment-worker job=pay order=ORD-77528 request=req-da88de70 attempt=1 provider=payvault error='PaymentGatewayError: 401 Unauthorized (code=auth_token_expired)'
Traceback (most recent call last):
  File "/app/worker/payments.py", line 147, in capture
    resp = self.provider.charge(token=self.token, amount=amount)
           ^^^^^^^^^^^^^^^^^^^^^^^^^^^^^^^^^^^^^^^^^^^^^^^^^^^
  File "/app/worker/providers/payvault.py", line 61, in charge
    raise PaymentGatewayError(f"401 Unauthorized (code={code})")
worker.providers.payvault.PaymentGatewayError: 401 Unauthorized (code=auth_token_expired)
2025-04-18T14:13:39.905Z ERROR payment-worker job=pay order=ORD-77528 request=req-da88de70 attempt=2 provider=payvault error='PaymentGatewayError: 401 Unauthorized (code=auth_token_expired)'
Traceback (most recent call last):
  File "/app/worker/payments.py", line 147, in capture
    resp = self.provider.charge(token=self.token, amount=amount)
           ^^^^^^^^^^^^^^^^^^^^^^^^^^^^^^^^^^^^^^^^^^^^^^^^^^^
  File "/app/worker/providers/payvault.py", line 61, in charge
    raise PaymentGatewayError(f"401 Unauthorized (code={code})")
worker.providers.payvault.PaymentGatewayError: 401 Unauthorized (code=auth_token_expired)
2025-04-18T14:13:40.576Z ERROR payment-worker job=pay order=ORD-77528 request=req-da88de70 attempt=3 provider=payvault error='PaymentGatewayError: 401 Unauthorized (code=auth_token_expired)'
Traceback (most recent call last):
  File "/app/worker/payments.py", line 147, in capture
    resp = self.provider.charge(token=self.token, amount=amount)
           ^^^^^^^^^^^^^^^^^^^^^^^^^^^^^^^^^^^^^^^^^^^^^^^^^^^
  File "/app/worker/providers/payvault.py", line 61, in charge
    raise PaymentGatewayError(f"401 Unauthorized (code={code})")
worker.providers.payvault.PaymentGatewayError: 401 Unauthorized (code=auth_token_expired)
2025-04-18T14:13:41.430Z ERROR payment-worker job=pay order=ORD-77528 request=req-da88de70 DEAD-LETTER after 3 attempts reason=PaymentGatewayError
2025-04-18T14:14:43.104Z ERROR payment-worker job=pay order=ORD-77522 request=req-1c1e88fa attempt=1 provider=payvault error='PaymentGatewayError: 401 Unauthorized (code=auth_token_expired)'
Traceback (most recent call last):
  File "/app/worker/payments.py", line 147, in capture
    resp = self.provider.charge(token=self.token, amount=amount)
           ^^^^^^^^^^^^^^^^^^^^^^^^^^^^^^^^^^^^^^^^^^^^^^^^^^^
  File "/app/worker/providers/payvault.py", line 61, in charge
    raise PaymentGatewayError(f"401 Unauthorized (code={code})")
worker.providers.payvault.PaymentGatewayError: 401 Unauthorized (code=auth_token_expired)
2025-04-18T14:14:44.124Z ERROR payment-worker job=pay order=ORD-77529 request=req-dbd015fd attempt=1 provider=payvault error='PaymentGatewayError: 401 Unauthorized (code=auth_token_expired)'
Traceback (most recent call last):
  File "/app/worker/payments.py", line 147, in capture
    resp = self.provider.charge(token=self.token, amount=amount)
           ^^^^^^^^^^^^^^^^^^^^^^^^^^^^^^^^^^^^^^^^^^^^^^^^^^^
  File "/app/worker/providers/payvault.py", line 61, in charge
    raise PaymentGatewayError(f"401 Unauthorized (code={code})")
worker.providers.payvault.PaymentGatewayError: 401 Unauthorized (code=auth_token_expired)
2025-04-18T14:14:44.218Z ERROR payment-worker job=pay order=ORD-77522 request=req-1c1e88fa attempt=2 provider=payvault error='PaymentGatewayError: 401 Unauthorized (code=auth_token_expired)'
Traceback (most recent call last):
  File "/app/worker/payments.py", line 147, in capture
    resp = self.provider.charge(token=self.token, amount=amount)
           ^^^^^^^^^^^^^^^^^^^^^^^^^^^^^^^^^^^^^^^^^^^^^^^^^^^
  File "/app/worker/providers/payvault.py", line 61, in charge
    raise PaymentGatewayError(f"401 Unauthorized (code={code})")
worker.providers.payvault.PaymentGatewayError: 401 Unauthorized (code=auth_token_expired)
2025-04-18T14:14:44.928Z ERROR payment-worker job=pay order=ORD-77522 request=req-1c1e88fa attempt=3 provider=payvault error='PaymentGatewayError: 401 Unauthorized (code=auth_token_expired)'
2025-04-18T14:14:44.929Z ERROR payment-worker job=pay order=ORD-77529 request=req-dbd015fd attempt=2 provider=payvault error='PaymentGatewayError: 401 Unauthorized (code=auth_token_expired)'
Traceback (most recent call last):
  File "/app/worker/payments.py", line 147, in capture
    resp = self.provider.charge(token=self.token, amount=amount)
           ^^^^^^^^^^^^^^^^^^^^^^^^^^^^^^^^^^^^^^^^^^^^^^^^^^^
  File "/app/worker/providers/payvault.py", line 61, in charge
    raise PaymentGatewayError(f"401 Unauthorized (code={code})")
worker.providers.payvault.PaymentGatewayError: 401 Unauthorized (code=auth_token_expired)
Traceback (most recent call last):
  File "/app/worker/payments.py", line 147, in capture
    resp = self.provider.charge(token=self.token, amount=amount)
           ^^^^^^^^^^^^^^^^^^^^^^^^^^^^^^^^^^^^^^^^^^^^^^^^^^^
  File "/app/worker/providers/payvault.py", line 61, in charge
    raise PaymentGatewayError(f"401 Unauthorized (code={code})")
worker.providers.payvault.PaymentGatewayError: 401 Unauthorized (code=auth_token_expired)
2025-04-18T14:14:46.077Z ERROR payment-worker job=pay order=ORD-77522 request=req-1c1e88fa DEAD-LETTER after 3 attempts reason=PaymentGatewayError
2025-04-18T14:14:46.434Z ERROR payment-worker job=pay order=ORD-77529 request=req-dbd015fd attempt=3 provider=payvault error='PaymentGatewayError: 401 Unauthorized (code=auth_token_expired)'
Traceback (most recent call last):
  File "/app/worker/payments.py", line 147, in capture
    resp = self.provider.charge(token=self.token, amount=amount)
           ^^^^^^^^^^^^^^^^^^^^^^^^^^^^^^^^^^^^^^^^^^^^^^^^^^^
  File "/app/worker/providers/payvault.py", line 61, in charge
    raise PaymentGatewayError(f"401 Unauthorized (code={code})")
worker.providers.payvault.PaymentGatewayError: 401 Unauthorized (code=auth_token_expired)
2025-04-18T14:14:47.660Z ERROR payment-worker job=pay order=ORD-77529 request=req-dbd015fd DEAD-LETTER after 3 attempts reason=PaymentGatewayError
2025-04-18T14:15:51.777Z ERROR payment-worker job=pay order=ORD-77530 request=req-6836c410 attempt=1 provider=payvault error='PaymentGatewayError: 401 Unauthorized (code=auth_token_expired)'
Traceback (most recent call last):
  File "/app/worker/payments.py", line 147, in capture
    resp = self.provider.charge(token=self.token, amount=amount)
           ^^^^^^^^^^^^^^^^^^^^^^^^^^^^^^^^^^^^^^^^^^^^^^^^^^^
  File "/app/worker/providers/payvault.py", line 61, in charge
    raise PaymentGatewayError(f"401 Unauthorized (code={code})")
worker.providers.payvault.PaymentGatewayError: 401 Unauthorized (code=auth_token_expired)
2025-04-18T14:15:52.898Z ERROR payment-worker job=pay order=ORD-77530 request=req-6836c410 attempt=2 provider=payvault error='PaymentGatewayError: 401 Unauthorized (code=auth_token_expired)'
Traceback (most recent call last):
  File "/app/worker/payments.py", line 147, in capture
    resp = self.provider.charge(token=self.token, amount=amount)
           ^^^^^^^^^^^^^^^^^^^^^^^^^^^^^^^^^^^^^^^^^^^^^^^^^^^
  File "/app/worker/providers/payvault.py", line 61, in charge
    raise PaymentGatewayError(f"401 Unauthorized (code={code})")
worker.providers.payvault.PaymentGatewayError: 401 Unauthorized (code=auth_token_expired)
2025-04-18T14:15:53.935Z ERROR payment-worker job=pay order=ORD-77530 request=req-6836c410 attempt=3 provider=payvault error='PaymentGatewayError: 401 Unauthorized (code=auth_token_expired)'
Traceback (most recent call last):
  File "/app/worker/payments.py", line 147, in capture
    resp = self.provider.charge(token=self.token, amount=amount)
           ^^^^^^^^^^^^^^^^^^^^^^^^^^^^^^^^^^^^^^^^^^^^^^^^^^^
  File "/app/worker/providers/payvault.py", line 61, in charge
    raise PaymentGatewayError(f"401 Unauthorized (code={code})")
worker.providers.payvault.PaymentGatewayError: 401 Unauthorized (code=auth_token_expired)
2025-04-18T14:15:54.643Z ERROR payment-worker job=pay order=ORD-77530 request=req-6836c410 DEAD-LETTER after 3 attempts reason=PaymentGatewayError
2025-04-18T14:17:15.554Z ERROR payment-worker job=pay order=ORD-77531 request=req-89aced17 attempt=1 provider=payvault error='PaymentGatewayError: 401 Unauthorized (code=auth_token_expired)'
Traceback (most recent call last):
  File "/app/worker/payments.py", line 147, in capture
    resp = self.provider.charge(token=self.token, amount=amount)
           ^^^^^^^^^^^^^^^^^^^^^^^^^^^^^^^^^^^^^^^^^^^^^^^^^^^
  File "/app/worker/providers/payvault.py", line 61, in charge
    raise PaymentGatewayError(f"401 Unauthorized (code={code})")
worker.providers.payvault.PaymentGatewayError: 401 Unauthorized (code=auth_token_expired)
2025-04-18T14:17:16.544Z ERROR payment-worker job=pay order=ORD-77531 request=req-89aced17 attempt=2 provider=payvault error='PaymentGatewayError: 401 Unauthorized (code=auth_token_expired)'
Traceback (most recent call last):
  File "/app/worker/payments.py", line 147, in capture
    resp = self.provider.charge(token=self.token, amount=amount)
           ^^^^^^^^^^^^^^^^^^^^^^^^^^^^^^^^^^^^^^^^^^^^^^^^^^^
  File "/app/worker/providers/payvault.py", line 61, in charge
    raise PaymentGatewayError(f"401 Unauthorized (code={code})")
worker.providers.payvault.PaymentGatewayError: 401 Unauthorized (code=auth_token_expired)
2025-04-18T14:17:16.988Z ERROR payment-worker job=pay order=ORD-77531 request=req-89aced17 attempt=3 provider=payvault error='PaymentGatewayError: 401 Unauthorized (code=auth_token_expired)'
Traceback (most recent call last):
  File "/app/worker/payments.py", line 147, in capture
    resp = self.provider.charge(token=self.token, amount=amount)
           ^^^^^^^^^^^^^^^^^^^^^^^^^^^^^^^^^^^^^^^^^^^^^^^^^^^
  File "/app/worker/providers/payvault.py", line 61, in charge
    raise PaymentGatewayError(f"401 Unauthorized (code={code})")
worker.providers.payvault.PaymentGatewayError: 401 Unauthorized (code=auth_token_expired)
2025-04-18T14:17:18.122Z ERROR payment-worker job=pay order=ORD-77531 request=req-89aced17 DEAD-LETTER after 3 attempts reason=PaymentGatewayError
2025-04-18T14:18:39.002Z ERROR payment-worker job=pay order=ORD-77532 request=req-4ea30887 attempt=1 provider=payvault error='PaymentGatewayError: 401 Unauthorized (code=auth_token_expired)'
Traceback (most recent call last):
  File "/app/worker/payments.py", line 147, in capture
    resp = self.provider.charge(token=self.token, amount=amount)
           ^^^^^^^^^^^^^^^^^^^^^^^^^^^^^^^^^^^^^^^^^^^^^^^^^^^
  File "/app/worker/providers/payvault.py", line 61, in charge
    raise PaymentGatewayError(f"401 Unauthorized (code={code})")
worker.providers.payvault.PaymentGatewayError: 401 Unauthorized (code=auth_token_expired)
2025-04-18T14:18:40.016Z ERROR payment-worker job=pay order=ORD-77532 request=req-4ea30887 attempt=2 provider=payvault error='PaymentGatewayError: 401 Unauthorized (code=auth_token_expired)'
Traceback (most recent call last):
  File "/app/worker/payments.py", line 147, in capture
    resp = self.provider.charge(token=self.token, amount=amount)
           ^^^^^^^^^^^^^^^^^^^^^^^^^^^^^^^^^^^^^^^^^^^^^^^^^^^
  File "/app/worker/providers/payvault.py", line 61, in charge
    raise PaymentGatewayError(f"401 Unauthorized (code={code})")
worker.providers.payvault.PaymentGatewayError: 401 Unauthorized (code=auth_token_expired)
2025-04-18T14:18:40.882Z ERROR payment-worker job=pay order=ORD-77532 request=req-4ea30887 attempt=3 provider=payvault error='PaymentGatewayError: 401 Unauthorized (code=auth_token_expired)'
Traceback (most recent call last):
  File "/app/worker/payments.py", line 147, in capture
    resp = self.provider.charge(token=self.token, amount=amount)
           ^^^^^^^^^^^^^^^^^^^^^^^^^^^^^^^^^^^^^^^^^^^^^^^^^^^
  File "/app/worker/providers/payvault.py", line 61, in charge
    raise PaymentGatewayError(f"401 Unauthorized (code={code})")
worker.providers.payvault.PaymentGatewayError: 401 Unauthorized (code=auth_token_expired)
2025-04-18T14:18:42.533Z ERROR payment-worker job=pay order=ORD-77532 request=req-4ea30887 DEAD-LETTER after 3 attempts reason=PaymentGatewayError
2025-04-18T14:20:00.273Z ERROR payment-worker job=pay order=ORD-77533 request=req-2c2b2675 attempt=1 provider=payvault error='PaymentGatewayError: 401 Unauthorized (code=auth_token_expired)'
Traceback (most recent call last):
  File "/app/worker/payments.py", line 147, in capture
    resp = self.provider.charge(token=self.token, amount=amount)
           ^^^^^^^^^^^^^^^^^^^^^^^^^^^^^^^^^^^^^^^^^^^^^^^^^^^
  File "/app/worker/providers/payvault.py", line 61, in charge
    raise PaymentGatewayError(f"401 Unauthorized (code={code})")
worker.providers.payvault.PaymentGatewayError: 401 Unauthorized (code=auth_token_expired)
2025-04-18T14:20:01.200Z ERROR payment-worker job=pay order=ORD-77533 request=req-2c2b2675 attempt=2 provider=payvault error='PaymentGatewayError: 401 Unauthorized (code=auth_token_expired)'
Traceback (most recent call last):
  File "/app/worker/payments.py", line 147, in capture
    resp = self.provider.charge(token=self.token, amount=amount)
           ^^^^^^^^^^^^^^^^^^^^^^^^^^^^^^^^^^^^^^^^^^^^^^^^^^^
  File "/app/worker/providers/payvault.py", line 61, in charge
    raise PaymentGatewayError(f"401 Unauthorized (code={code})")
worker.providers.payvault.PaymentGatewayError: 401 Unauthorized (code=auth_token_expired)
2025-04-18T14:20:02.257Z ERROR payment-worker job=pay order=ORD-77533 request=req-2c2b2675 attempt=3 provider=payvault error='PaymentGatewayError: 401 Unauthorized (code=auth_token_expired)'
Traceback (most recent call last):
  File "/app/worker/payments.py", line 147, in capture
    resp = self.provider.charge(token=self.token, amount=amount)
           ^^^^^^^^^^^^^^^^^^^^^^^^^^^^^^^^^^^^^^^^^^^^^^^^^^^
  File "/app/worker/providers/payvault.py", line 61, in charge
    raise PaymentGatewayError(f"401 Unauthorized (code={code})")
worker.providers.payvault.PaymentGatewayError: 401 Unauthorized (code=auth_token_expired)
2025-04-18T14:20:03.150Z ERROR payment-worker job=pay order=ORD-77533 request=req-2c2b2675 DEAD-LETTER after 3 attempts reason=PaymentGatewayError
2025-04-18T14:20:58.065Z ERROR payment-worker job=pay order=ORD-77534 request=req-f71b5f3c attempt=1 provider=payvault error='PaymentGatewayError: 401 Unauthorized (code=auth_token_expired)'
Traceback (most recent call last):
  File "/app/worker/payments.py", line 147, in capture
    resp = self.provider.charge(token=self.token, amount=amount)
           ^^^^^^^^^^^^^^^^^^^^^^^^^^^^^^^^^^^^^^^^^^^^^^^^^^^
  File "/app/worker/providers/payvault.py", line 61, in charge
    raise PaymentGatewayError(f"401 Unauthorized (code={code})")
worker.providers.payvault.PaymentGatewayError: 401 Unauthorized (code=auth_token_expired)
2025-04-18T14:20:59.185Z ERROR payment-worker job=pay order=ORD-77534 request=req-f71b5f3c attempt=2 provider=payvault error='PaymentGatewayError: 401 Unauthorized (code=auth_token_expired)'
Traceback (most recent call last):
  File "/app/worker/payments.py", line 147, in capture
    resp = self.provider.charge(token=self.token, amount=amount)
           ^^^^^^^^^^^^^^^^^^^^^^^^^^^^^^^^^^^^^^^^^^^^^^^^^^^
  File "/app/worker/providers/payvault.py", line 61, in charge
    raise PaymentGatewayError(f"401 Unauthorized (code={code})")
worker.providers.payvault.PaymentGatewayError: 401 Unauthorized (code=auth_token_expired)
2025-04-18T14:21:00.421Z ERROR payment-worker job=pay order=ORD-77534 request=req-f71b5f3c attempt=3 provider=payvault error='PaymentGatewayError: 401 Unauthorized (code=auth_token_expired)'
Traceback (most recent call last):
  File "/app/worker/payments.py", line 147, in capture
    resp = self.provider.charge(token=self.token, amount=amount)
           ^^^^^^^^^^^^^^^^^^^^^^^^^^^^^^^^^^^^^^^^^^^^^^^^^^^
  File "/app/worker/providers/payvault.py", line 61, in charge
    raise PaymentGatewayError(f"401 Unauthorized (code={code})")
worker.providers.payvault.PaymentGatewayError: 401 Unauthorized (code=auth_token_expired)
2025-04-18T14:21:00.748Z ERROR payment-worker job=pay order=ORD-77534 request=req-f71b5f3c DEAD-LETTER after 3 attempts reason=PaymentGatewayError
2025-04-18T14:21:01.867Z ERROR payment-worker job=pay order=ORD-77528 request=req-6f4cbc37 attempt=1 provider=payvault error='PaymentGatewayError: 401 Unauthorized (code=auth_token_expired)'
Traceback (most recent call last):
  File "/app/worker/payments.py", line 147, in capture
    resp = self.provider.charge(token=self.token, amount=amount)
           ^^^^^^^^^^^^^^^^^^^^^^^^^^^^^^^^^^^^^^^^^^^^^^^^^^^
  File "/app/worker/providers/payvault.py", line 61, in charge
    raise PaymentGatewayError(f"401 Unauthorized (code={code})")
worker.providers.payvault.PaymentGatewayError: 401 Unauthorized (code=auth_token_expired)
2025-04-18T14:21:02.568Z ERROR payment-worker job=pay order=ORD-77528 request=req-6f4cbc37 attempt=2 provider=payvault error='PaymentGatewayError: 401 Unauthorized (code=auth_token_expired)'
Traceback (most recent call last):
  File "/app/worker/payments.py", line 147, in capture
    resp = self.provider.charge(token=self.token, amount=amount)
           ^^^^^^^^^^^^^^^^^^^^^^^^^^^^^^^^^^^^^^^^^^^^^^^^^^^
  File "/app/worker/providers/payvault.py", line 61, in charge
    raise PaymentGatewayError(f"401 Unauthorized (code={code})")
worker.providers.payvault.PaymentGatewayError: 401 Unauthorized (code=auth_token_expired)
2025-04-18T14:21:03.779Z ERROR payment-worker job=pay order=ORD-77528 request=req-6f4cbc37 attempt=3 provider=payvault error='PaymentGatewayError: 401 Unauthorized (code=auth_token_expired)'
Traceback (most recent call last):
  File "/app/worker/payments.py", line 147, in capture
    resp = self.provider.charge(token=self.token, amount=amount)
           ^^^^^^^^^^^^^^^^^^^^^^^^^^^^^^^^^^^^^^^^^^^^^^^^^^^
  File "/app/worker/providers/payvault.py", line 61, in charge
    raise PaymentGatewayError(f"401 Unauthorized (code={code})")
worker.providers.payvault.PaymentGatewayError: 401 Unauthorized (code=auth_token_expired)
2025-04-18T14:21:04.896Z ERROR payment-worker job=pay order=ORD-77528 request=req-6f4cbc37 DEAD-LETTER after 3 attempts reason=PaymentGatewayError
2025-04-18T14:21:58.304Z ERROR payment-worker job=pay order=ORD-77535 request=req-bde60ced attempt=1 provider=payvault error='PaymentGatewayError: 401 Unauthorized (code=auth_token_expired)'
Traceback (most recent call last):
  File "/app/worker/payments.py", line 147, in capture
    resp = self.provider.charge(token=self.token, amount=amount)
           ^^^^^^^^^^^^^^^^^^^^^^^^^^^^^^^^^^^^^^^^^^^^^^^^^^^
  File "/app/worker/providers/payvault.py", line 61, in charge
    raise PaymentGatewayError(f"401 Unauthorized (code={code})")
worker.providers.payvault.PaymentGatewayError: 401 Unauthorized (code=auth_token_expired)
2025-04-18T14:21:59.119Z ERROR payment-worker job=pay order=ORD-77535 request=req-bde60ced attempt=2 provider=payvault error='PaymentGatewayError: 401 Unauthorized (code=auth_token_expired)'
Traceback (most recent call last):
  File "/app/worker/payments.py", line 147, in capture
    resp = self.provider.charge(token=self.token, amount=amount)
           ^^^^^^^^^^^^^^^^^^^^^^^^^^^^^^^^^^^^^^^^^^^^^^^^^^^
  File "/app/worker/providers/payvault.py", line 61, in charge
    raise PaymentGatewayError(f"401 Unauthorized (code={code})")
worker.providers.payvault.PaymentGatewayError: 401 Unauthorized (code=auth_token_expired)
2025-04-18T14:21:59.970Z ERROR payment-worker job=pay order=ORD-77535 request=req-bde60ced attempt=3 provider=payvault error='PaymentGatewayError: 401 Unauthorized (code=auth_token_expired)'
Traceback (most recent call last):
  File "/app/worker/payments.py", line 147, in capture
    resp = self.provider.charge(token=self.token, amount=amount)
           ^^^^^^^^^^^^^^^^^^^^^^^^^^^^^^^^^^^^^^^^^^^^^^^^^^^
  File "/app/worker/providers/payvault.py", line 61, in charge
    raise PaymentGatewayError(f"401 Unauthorized (code={code})")
worker.providers.payvault.PaymentGatewayError: 401 Unauthorized (code=auth_token_expired)
2025-04-18T14:22:00.961Z ERROR payment-worker job=pay order=ORD-77535 request=req-bde60ced DEAD-LETTER after 3 attempts reason=PaymentGatewayError
2025-04-18T14:22:45.739Z ERROR payment-worker job=pay order=ORD-77536 request=req-4d310a2c attempt=1 provider=payvault error='PaymentGatewayError: 401 Unauthorized (code=auth_token_expired)'
Traceback (most recent call last):
  File "/app/worker/payments.py", line 147, in capture
    resp = self.provider.charge(token=self.token, amount=amount)
           ^^^^^^^^^^^^^^^^^^^^^^^^^^^^^^^^^^^^^^^^^^^^^^^^^^^
  File "/app/worker/providers/payvault.py", line 61, in charge
    raise PaymentGatewayError(f"401 Unauthorized (code={code})")
worker.providers.payvault.PaymentGatewayError: 401 Unauthorized (code=auth_token_expired)
2025-04-18T14:22:46.787Z ERROR payment-worker job=pay order=ORD-77536 request=req-4d310a2c attempt=2 provider=payvault error='PaymentGatewayError: 401 Unauthorized (code=auth_token_expired)'
Traceback (most recent call last):
  File "/app/worker/payments.py", line 147, in capture
    resp = self.provider.charge(token=self.token, amount=amount)
           ^^^^^^^^^^^^^^^^^^^^^^^^^^^^^^^^^^^^^^^^^^^^^^^^^^^
  File "/app/worker/providers/payvault.py", line 61, in charge
    raise PaymentGatewayError(f"401 Unauthorized (code={code})")
worker.providers.payvault.PaymentGatewayError: 401 Unauthorized (code=auth_token_expired)
2025-04-18T14:22:48.051Z ERROR payment-worker job=pay order=ORD-77536 request=req-4d310a2c attempt=3 provider=payvault error='PaymentGatewayError: 401 Unauthorized (code=auth_token_expired)'
Traceback (most recent call last):
  File "/app/worker/payments.py", line 147, in capture
    resp = self.provider.charge(token=self.token, amount=amount)
           ^^^^^^^^^^^^^^^^^^^^^^^^^^^^^^^^^^^^^^^^^^^^^^^^^^^
  File "/app/worker/providers/payvault.py", line 61, in charge
    raise PaymentGatewayError(f"401 Unauthorized (code={code})")
worker.providers.payvault.PaymentGatewayError: 401 Unauthorized (code=auth_token_expired)
2025-04-18T14:22:48.497Z ERROR payment-worker job=pay order=ORD-77536 request=req-4d310a2c DEAD-LETTER after 3 attempts reason=PaymentGatewayError
2025-04-18T14:23:44.671Z ERROR payment-worker job=pay order=ORD-77537 request=req-39237898 attempt=1 provider=payvault error='PaymentGatewayError: 401 Unauthorized (code=auth_token_expired)'
Traceback (most recent call last):
  File "/app/worker/payments.py", line 147, in capture
    resp = self.provider.charge(token=self.token, amount=amount)
           ^^^^^^^^^^^^^^^^^^^^^^^^^^^^^^^^^^^^^^^^^^^^^^^^^^^
  File "/app/worker/providers/payvault.py", line 61, in charge
    raise PaymentGatewayError(f"401 Unauthorized (code={code})")
worker.providers.payvault.PaymentGatewayError: 401 Unauthorized (code=auth_token_expired)
2025-04-18T14:23:45.547Z ERROR payment-worker job=pay order=ORD-77537 request=req-39237898 attempt=2 provider=payvault error='PaymentGatewayError: 401 Unauthorized (code=auth_token_expired)'
Traceback (most recent call last):
  File "/app/worker/payments.py", line 147, in capture
    resp = self.provider.charge(token=self.token, amount=amount)
           ^^^^^^^^^^^^^^^^^^^^^^^^^^^^^^^^^^^^^^^^^^^^^^^^^^^
  File "/app/worker/providers/payvault.py", line 61, in charge
    raise PaymentGatewayError(f"401 Unauthorized (code={code})")
worker.providers.payvault.PaymentGatewayError: 401 Unauthorized (code=auth_token_expired)
2025-04-18T14:23:47.041Z ERROR payment-worker job=pay order=ORD-77537 request=req-39237898 attempt=3 provider=payvault error='PaymentGatewayError: 401 Unauthorized (code=auth_token_expired)'
Traceback (most recent call last):
  File "/app/worker/payments.py", line 147, in capture
    resp = self.provider.charge(token=self.token, amount=amount)
           ^^^^^^^^^^^^^^^^^^^^^^^^^^^^^^^^^^^^^^^^^^^^^^^^^^^
  File "/app/worker/providers/payvault.py", line 61, in charge
    raise PaymentGatewayError(f"401 Unauthorized (code={code})")
worker.providers.payvault.PaymentGatewayError: 401 Unauthorized (code=auth_token_expired)
2025-04-18T14:23:47.888Z ERROR payment-worker job=pay order=ORD-77537 request=req-39237898 DEAD-LETTER after 3 attempts reason=PaymentGatewayError
2025-04-18T14:24:39.712Z ERROR payment-worker job=pay order=ORD-77533 request=req-784e7846 attempt=1 provider=payvault error='PaymentGatewayError: 401 Unauthorized (code=auth_token_expired)'
Traceback (most recent call last):
  File "/app/worker/payments.py", line 147, in capture
    resp = self.provider.charge(token=self.token, amount=amount)
           ^^^^^^^^^^^^^^^^^^^^^^^^^^^^^^^^^^^^^^^^^^^^^^^^^^^
  File "/app/worker/providers/payvault.py", line 61, in charge
    raise PaymentGatewayError(f"401 Unauthorized (code={code})")
worker.providers.payvault.PaymentGatewayError: 401 Unauthorized (code=auth_token_expired)
2025-04-18T14:24:40.419Z ERROR payment-worker job=pay order=ORD-77533 request=req-784e7846 attempt=2 provider=payvault error='PaymentGatewayError: 401 Unauthorized (code=auth_token_expired)'
Traceback (most recent call last):
  File "/app/worker/payments.py", line 147, in capture
    resp = self.provider.charge(token=self.token, amount=amount)
           ^^^^^^^^^^^^^^^^^^^^^^^^^^^^^^^^^^^^^^^^^^^^^^^^^^^
  File "/app/worker/providers/payvault.py", line 61, in charge
    raise PaymentGatewayError(f"401 Unauthorized (code={code})")
worker.providers.payvault.PaymentGatewayError: 401 Unauthorized (code=auth_token_expired)
2025-04-18T14:24:41.340Z ERROR payment-worker job=pay order=ORD-77533 request=req-784e7846 attempt=3 provider=payvault error='PaymentGatewayError: 401 Unauthorized (code=auth_token_expired)'
Traceback (most recent call last):
  File "/app/worker/payments.py", line 147, in capture
    resp = self.provider.charge(token=self.token, amount=amount)
           ^^^^^^^^^^^^^^^^^^^^^^^^^^^^^^^^^^^^^^^^^^^^^^^^^^^
  File "/app/worker/providers/payvault.py", line 61, in charge
    raise PaymentGatewayError(f"401 Unauthorized (code={code})")
worker.providers.payvault.PaymentGatewayError: 401 Unauthorized (code=auth_token_expired)
2025-04-18T14:24:43.185Z ERROR payment-worker job=pay order=ORD-77533 request=req-784e7846 DEAD-LETTER after 3 attempts reason=PaymentGatewayError
2025-04-18T14:24:47.316Z ERROR payment-worker job=pay order=ORD-77538 request=req-9186db65 attempt=1 provider=payvault error='PaymentGatewayError: 401 Unauthorized (code=auth_token_expired)'
Traceback (most recent call last):
  File "/app/worker/payments.py", line 147, in capture
    resp = self.provider.charge(token=self.token, amount=amount)
           ^^^^^^^^^^^^^^^^^^^^^^^^^^^^^^^^^^^^^^^^^^^^^^^^^^^
  File "/app/worker/providers/payvault.py", line 61, in charge
    raise PaymentGatewayError(f"401 Unauthorized (code={code})")
worker.providers.payvault.PaymentGatewayError: 401 Unauthorized (code=auth_token_expired)
2025-04-18T14:24:48.267Z ERROR payment-worker job=pay order=ORD-77538 request=req-9186db65 attempt=2 provider=payvault error='PaymentGatewayError: 401 Unauthorized (code=auth_token_expired)'
Traceback (most recent call last):
  File "/app/worker/payments.py", line 147, in capture
    resp = self.provider.charge(token=self.token, amount=amount)
           ^^^^^^^^^^^^^^^^^^^^^^^^^^^^^^^^^^^^^^^^^^^^^^^^^^^
  File "/app/worker/providers/payvault.py", line 61, in charge
    raise PaymentGatewayError(f"401 Unauthorized (code={code})")
worker.providers.payvault.PaymentGatewayError: 401 Unauthorized (code=auth_token_expired)
2025-04-18T14:24:48.844Z ERROR payment-worker job=pay order=ORD-77538 request=req-9186db65 attempt=3 provider=payvault error='PaymentGatewayError: 401 Unauthorized (code=auth_token_expired)'
Traceback (most recent call last):
  File "/app/worker/payments.py", line 147, in capture
    resp = self.provider.charge(token=self.token, amount=amount)
           ^^^^^^^^^^^^^^^^^^^^^^^^^^^^^^^^^^^^^^^^^^^^^^^^^^^
  File "/app/worker/providers/payvault.py", line 61, in charge
    raise PaymentGatewayError(f"401 Unauthorized (code={code})")
worker.providers.payvault.PaymentGatewayError: 401 Unauthorized (code=auth_token_expired)
2025-04-18T14:24:50.778Z ERROR payment-worker job=pay order=ORD-77538 request=req-9186db65 DEAD-LETTER after 3 attempts reason=PaymentGatewayError
2025-04-18T14:25:04.201Z ERROR payment-worker job=pay order=ORD-77532 request=req-f61f4a5b attempt=1 provider=payvault error='PaymentGatewayError: 401 Unauthorized (code=auth_token_expired)'
Traceback (most recent call last):
  File "/app/worker/payments.py", line 147, in capture
    resp = self.provider.charge(token=self.token, amount=amount)
           ^^^^^^^^^^^^^^^^^^^^^^^^^^^^^^^^^^^^^^^^^^^^^^^^^^^
  File "/app/worker/providers/payvault.py", line 61, in charge
    raise PaymentGatewayError(f"401 Unauthorized (code={code})")
worker.providers.payvault.PaymentGatewayError: 401 Unauthorized (code=auth_token_expired)
2025-04-18T14:25:05.198Z ERROR payment-worker job=pay order=ORD-77532 request=req-f61f4a5b attempt=2 provider=payvault error='PaymentGatewayError: 401 Unauthorized (code=auth_token_expired)'
Traceback (most recent call last):
  File "/app/worker/payments.py", line 147, in capture
    resp = self.provider.charge(token=self.token, amount=amount)
           ^^^^^^^^^^^^^^^^^^^^^^^^^^^^^^^^^^^^^^^^^^^^^^^^^^^
  File "/app/worker/providers/payvault.py", line 61, in charge
    raise PaymentGatewayError(f"401 Unauthorized (code={code})")
worker.providers.payvault.PaymentGatewayError: 401 Unauthorized (code=auth_token_expired)
2025-04-18T14:25:06.531Z ERROR payment-worker job=pay order=ORD-77532 request=req-f61f4a5b attempt=3 provider=payvault error='PaymentGatewayError: 401 Unauthorized (code=auth_token_expired)'
Traceback (most recent call last):
  File "/app/worker/payments.py", line 147, in capture
    resp = self.provider.charge(token=self.token, amount=amount)
           ^^^^^^^^^^^^^^^^^^^^^^^^^^^^^^^^^^^^^^^^^^^^^^^^^^^
  File "/app/worker/providers/payvault.py", line 61, in charge
    raise PaymentGatewayError(f"401 Unauthorized (code={code})")
worker.providers.payvault.PaymentGatewayError: 401 Unauthorized (code=auth_token_expired)
2025-04-18T14:25:07.472Z ERROR payment-worker job=pay order=ORD-77532 request=req-f61f4a5b DEAD-LETTER after 3 attempts reason=PaymentGatewayError
2025-04-18T14:26:10.949Z ERROR payment-worker job=pay order=ORD-77539 request=req-d3c2f34b attempt=1 provider=payvault error='PaymentGatewayError: 401 Unauthorized (code=auth_token_expired)'
Traceback (most recent call last):
  File "/app/worker/payments.py", line 147, in capture
    resp = self.provider.charge(token=self.token, amount=amount)
           ^^^^^^^^^^^^^^^^^^^^^^^^^^^^^^^^^^^^^^^^^^^^^^^^^^^
  File "/app/worker/providers/payvault.py", line 61, in charge
    raise PaymentGatewayError(f"401 Unauthorized (code={code})")
worker.providers.payvault.PaymentGatewayError: 401 Unauthorized (code=auth_token_expired)
2025-04-18T14:26:11.877Z ERROR payment-worker job=pay order=ORD-77539 request=req-d3c2f34b attempt=2 provider=payvault error='PaymentGatewayError: 401 Unauthorized (code=auth_token_expired)'
Traceback (most recent call last):
  File "/app/worker/payments.py", line 147, in capture
    resp = self.provider.charge(token=self.token, amount=amount)
           ^^^^^^^^^^^^^^^^^^^^^^^^^^^^^^^^^^^^^^^^^^^^^^^^^^^
  File "/app/worker/providers/payvault.py", line 61, in charge
    raise PaymentGatewayError(f"401 Unauthorized (code={code})")
worker.providers.payvault.PaymentGatewayError: 401 Unauthorized (code=auth_token_expired)
2025-04-18T14:26:13.079Z ERROR payment-worker job=pay order=ORD-77539 request=req-d3c2f34b attempt=3 provider=payvault error='PaymentGatewayError: 401 Unauthorized (code=auth_token_expired)'
Traceback (most recent call last):
  File "/app/worker/payments.py", line 147, in capture
    resp = self.provider.charge(token=self.token, amount=amount)
           ^^^^^^^^^^^^^^^^^^^^^^^^^^^^^^^^^^^^^^^^^^^^^^^^^^^
  File "/app/worker/providers/payvault.py", line 61, in charge
    raise PaymentGatewayError(f"401 Unauthorized (code={code})")
worker.providers.payvault.PaymentGatewayError: 401 Unauthorized (code=auth_token_expired)
2025-04-18T14:26:13.542Z ERROR payment-worker job=pay order=ORD-77539 request=req-d3c2f34b DEAD-LETTER after 3 attempts reason=PaymentGatewayError
2025-04-18T14:26:56.282Z ERROR payment-worker job=pay order=ORD-77535 request=req-ebb5f480 attempt=1 provider=payvault error='PaymentGatewayError: 401 Unauthorized (code=auth_token_expired)'
Traceback (most recent call last):
  File "/app/worker/payments.py", line 147, in capture
    resp = self.provider.charge(token=self.token, amount=amount)
           ^^^^^^^^^^^^^^^^^^^^^^^^^^^^^^^^^^^^^^^^^^^^^^^^^^^
  File "/app/worker/providers/payvault.py", line 61, in charge
    raise PaymentGatewayError(f"401 Unauthorized (code={code})")
worker.providers.payvault.PaymentGatewayError: 401 Unauthorized (code=auth_token_expired)
2025-04-18T14:26:57.257Z ERROR payment-worker job=pay order=ORD-77535 request=req-ebb5f480 attempt=2 provider=payvault error='PaymentGatewayError: 401 Unauthorized (code=auth_token_expired)'
Traceback (most recent call last):
  File "/app/worker/payments.py", line 147, in capture
    resp = self.provider.charge(token=self.token, amount=amount)
           ^^^^^^^^^^^^^^^^^^^^^^^^^^^^^^^^^^^^^^^^^^^^^^^^^^^
  File "/app/worker/providers/payvault.py", line 61, in charge
    raise PaymentGatewayError(f"401 Unauthorized (code={code})")
worker.providers.payvault.PaymentGatewayError: 401 Unauthorized (code=auth_token_expired)
2025-04-18T14:26:58.202Z ERROR payment-worker job=pay order=ORD-77535 request=req-ebb5f480 attempt=3 provider=payvault error='PaymentGatewayError: 401 Unauthorized (code=auth_token_expired)'
Traceback (most recent call last):
  File "/app/worker/payments.py", line 147, in capture
    resp = self.provider.charge(token=self.token, amount=amount)
           ^^^^^^^^^^^^^^^^^^^^^^^^^^^^^^^^^^^^^^^^^^^^^^^^^^^
  File "/app/worker/providers/payvault.py", line 61, in charge
    raise PaymentGatewayError(f"401 Unauthorized (code={code})")
worker.providers.payvault.PaymentGatewayError: 401 Unauthorized (code=auth_token_expired)
2025-04-18T14:26:59.526Z ERROR payment-worker job=pay order=ORD-77535 request=req-ebb5f480 DEAD-LETTER after 3 attempts reason=PaymentGatewayError
2025-04-18T14:27:24.112Z ERROR payment-worker job=pay order=ORD-77540 request=req-65c02253 attempt=1 provider=payvault error='PaymentGatewayError: 401 Unauthorized (code=auth_token_expired)'
Traceback (most recent call last):
  File "/app/worker/payments.py", line 147, in capture
    resp = self.provider.charge(token=self.token, amount=amount)
           ^^^^^^^^^^^^^^^^^^^^^^^^^^^^^^^^^^^^^^^^^^^^^^^^^^^
  File "/app/worker/providers/payvault.py", line 61, in charge
    raise PaymentGatewayError(f"401 Unauthorized (code={code})")
worker.providers.payvault.PaymentGatewayError: 401 Unauthorized (code=auth_token_expired)
2025-04-18T14:27:25.159Z ERROR payment-worker job=pay order=ORD-77540 request=req-65c02253 attempt=2 provider=payvault error='PaymentGatewayError: 401 Unauthorized (code=auth_token_expired)'
Traceback (most recent call last):
  File "/app/worker/payments.py", line 147, in capture
    resp = self.provider.charge(token=self.token, amount=amount)
           ^^^^^^^^^^^^^^^^^^^^^^^^^^^^^^^^^^^^^^^^^^^^^^^^^^^
  File "/app/worker/providers/payvault.py", line 61, in charge
    raise PaymentGatewayError(f"401 Unauthorized (code={code})")
worker.providers.payvault.PaymentGatewayError: 401 Unauthorized (code=auth_token_expired)
2025-04-18T14:27:25.768Z ERROR payment-worker job=pay order=ORD-77540 request=req-65c02253 attempt=3 provider=payvault error='PaymentGatewayError: 401 Unauthorized (code=auth_token_expired)'
Traceback (most recent call last):
  File "/app/worker/payments.py", line 147, in capture
    resp = self.provider.charge(token=self.token, amount=amount)
           ^^^^^^^^^^^^^^^^^^^^^^^^^^^^^^^^^^^^^^^^^^^^^^^^^^^
  File "/app/worker/providers/payvault.py", line 61, in charge
    raise PaymentGatewayError(f"401 Unauthorized (code={code})")
worker.providers.payvault.PaymentGatewayError: 401 Unauthorized (code=auth_token_expired)
2025-04-18T14:27:27.155Z ERROR payment-worker job=pay order=ORD-77540 request=req-65c02253 DEAD-LETTER after 3 attempts reason=PaymentGatewayError
2025-04-18T14:28:41.423Z ERROR payment-worker job=pay order=ORD-77541 request=req-e6014943 attempt=1 provider=payvault error='PaymentGatewayError: 401 Unauthorized (code=auth_token_expired)'
Traceback (most recent call last):
  File "/app/worker/payments.py", line 147, in capture
    resp = self.provider.charge(token=self.token, amount=amount)
           ^^^^^^^^^^^^^^^^^^^^^^^^^^^^^^^^^^^^^^^^^^^^^^^^^^^
  File "/app/worker/providers/payvault.py", line 61, in charge
    raise PaymentGatewayError(f"401 Unauthorized (code={code})")
worker.providers.payvault.PaymentGatewayError: 401 Unauthorized (code=auth_token_expired)
2025-04-18T14:28:42.355Z ERROR payment-worker job=pay order=ORD-77541 request=req-e6014943 attempt=2 provider=payvault error='PaymentGatewayError: 401 Unauthorized (code=auth_token_expired)'
Traceback (most recent call last):
  File "/app/worker/payments.py", line 147, in capture
    resp = self.provider.charge(token=self.token, amount=amount)
           ^^^^^^^^^^^^^^^^^^^^^^^^^^^^^^^^^^^^^^^^^^^^^^^^^^^
  File "/app/worker/providers/payvault.py", line 61, in charge
    raise PaymentGatewayError(f"401 Unauthorized (code={code})")
worker.providers.payvault.PaymentGatewayError: 401 Unauthorized (code=auth_token_expired)
2025-04-18T14:28:42.977Z ERROR payment-worker job=pay order=ORD-77541 request=req-e6014943 attempt=3 provider=payvault error='PaymentGatewayError: 401 Unauthorized (code=auth_token_expired)'
Traceback (most recent call last):
  File "/app/worker/payments.py", line 147, in capture
    resp = self.provider.charge(token=self.token, amount=amount)
           ^^^^^^^^^^^^^^^^^^^^^^^^^^^^^^^^^^^^^^^^^^^^^^^^^^^
  File "/app/worker/providers/payvault.py", line 61, in charge
    raise PaymentGatewayError(f"401 Unauthorized (code={code})")
worker.providers.payvault.PaymentGatewayError: 401 Unauthorized (code=auth_token_expired)
2025-04-18T14:28:44.713Z ERROR payment-worker job=pay order=ORD-77541 request=req-e6014943 DEAD-LETTER after 3 attempts reason=PaymentGatewayError
2025-04-18T14:30:01.116Z ERROR payment-worker job=pay order=ORD-77542 request=req-fbc1c034 attempt=1 provider=payvault error='PaymentGatewayError: 401 Unauthorized (code=auth_token_expired)'
Traceback (most recent call last):
  File "/app/worker/payments.py", line 147, in capture
    resp = self.provider.charge(token=self.token, amount=amount)
           ^^^^^^^^^^^^^^^^^^^^^^^^^^^^^^^^^^^^^^^^^^^^^^^^^^^
  File "/app/worker/providers/payvault.py", line 61, in charge
    raise PaymentGatewayError(f"401 Unauthorized (code={code})")
worker.providers.payvault.PaymentGatewayError: 401 Unauthorized (code=auth_token_expired)
2025-04-18T14:30:02.246Z ERROR payment-worker job=pay order=ORD-77542 request=req-fbc1c034 attempt=2 provider=payvault error='PaymentGatewayError: 401 Unauthorized (code=auth_token_expired)'
Traceback (most recent call last):
  File "/app/worker/payments.py", line 147, in capture
    resp = self.provider.charge(token=self.token, amount=amount)
           ^^^^^^^^^^^^^^^^^^^^^^^^^^^^^^^^^^^^^^^^^^^^^^^^^^^
  File "/app/worker/providers/payvault.py", line 61, in charge
    raise PaymentGatewayError(f"401 Unauthorized (code={code})")
worker.providers.payvault.PaymentGatewayError: 401 Unauthorized (code=auth_token_expired)
2025-04-18T14:30:03.008Z ERROR payment-worker job=pay order=ORD-77542 request=req-fbc1c034 attempt=3 provider=payvault error='PaymentGatewayError: 401 Unauthorized (code=auth_token_expired)'
Traceback (most recent call last):
  File "/app/worker/payments.py", line 147, in capture
    resp = self.provider.charge(token=self.token, amount=amount)
           ^^^^^^^^^^^^^^^^^^^^^^^^^^^^^^^^^^^^^^^^^^^^^^^^^^^
  File "/app/worker/providers/payvault.py", line 61, in charge
    raise PaymentGatewayError(f"401 Unauthorized (code={code})")
worker.providers.payvault.PaymentGatewayError: 401 Unauthorized (code=auth_token_expired)
2025-04-18T14:30:03.763Z ERROR payment-worker job=pay order=ORD-77542 request=req-fbc1c034 DEAD-LETTER after 3 attempts reason=PaymentGatewayError
2025-04-18T14:31:23.977Z ERROR payment-worker job=pay order=ORD-77543 request=req-b819afbf attempt=1 provider=payvault error='PaymentGatewayError: 401 Unauthorized (code=auth_token_expired)'
Traceback (most recent call last):
  File "/app/worker/payments.py", line 147, in capture
    resp = self.provider.charge(token=self.token, amount=amount)
           ^^^^^^^^^^^^^^^^^^^^^^^^^^^^^^^^^^^^^^^^^^^^^^^^^^^
  File "/app/worker/providers/payvault.py", line 61, in charge
    raise PaymentGatewayError(f"401 Unauthorized (code={code})")
worker.providers.payvault.PaymentGatewayError: 401 Unauthorized (code=auth_token_expired)
2025-04-18T14:31:25.159Z ERROR payment-worker job=pay order=ORD-77543 request=req-b819afbf attempt=2 provider=payvault error='PaymentGatewayError: 401 Unauthorized (code=auth_token_expired)'
Traceback (most recent call last):
  File "/app/worker/payments.py", line 147, in capture
    resp = self.provider.charge(token=self.token, amount=amount)
           ^^^^^^^^^^^^^^^^^^^^^^^^^^^^^^^^^^^^^^^^^^^^^^^^^^^
  File "/app/worker/providers/payvault.py", line 61, in charge
    raise PaymentGatewayError(f"401 Unauthorized (code={code})")
worker.providers.payvault.PaymentGatewayError: 401 Unauthorized (code=auth_token_expired)
2025-04-18T14:31:26.329Z ERROR payment-worker job=pay order=ORD-77543 request=req-b819afbf attempt=3 provider=payvault error='PaymentGatewayError: 401 Unauthorized (code=auth_token_expired)'
Traceback (most recent call last):
  File "/app/worker/payments.py", line 147, in capture
    resp = self.provider.charge(token=self.token, amount=amount)
           ^^^^^^^^^^^^^^^^^^^^^^^^^^^^^^^^^^^^^^^^^^^^^^^^^^^
  File "/app/worker/providers/payvault.py", line 61, in charge
    raise PaymentGatewayError(f"401 Unauthorized (code={code})")
worker.providers.payvault.PaymentGatewayError: 401 Unauthorized (code=auth_token_expired)
2025-04-18T14:31:27.167Z ERROR payment-worker job=pay order=ORD-77543 request=req-b819afbf DEAD-LETTER after 3 attempts reason=PaymentGatewayError
2025-04-18T14:31:27.670Z ERROR payment-worker job=pay order=ORD-77539 request=req-8794ef46 attempt=1 provider=payvault error='PaymentGatewayError: 401 Unauthorized (code=auth_token_expired)'
Traceback (most recent call last):
  File "/app/worker/payments.py", line 147, in capture
    resp = self.provider.charge(token=self.token, amount=amount)
           ^^^^^^^^^^^^^^^^^^^^^^^^^^^^^^^^^^^^^^^^^^^^^^^^^^^
  File "/app/worker/providers/payvault.py", line 61, in charge
    raise PaymentGatewayError(f"401 Unauthorized (code={code})")
worker.providers.payvault.PaymentGatewayError: 401 Unauthorized (code=auth_token_expired)
2025-04-18T14:31:28.714Z ERROR payment-worker job=pay order=ORD-77539 request=req-8794ef46 attempt=2 provider=payvault error='PaymentGatewayError: 401 Unauthorized (code=auth_token_expired)'
Traceback (most recent call last):
  File "/app/worker/payments.py", line 147, in capture
    resp = self.provider.charge(token=self.token, amount=amount)
           ^^^^^^^^^^^^^^^^^^^^^^^^^^^^^^^^^^^^^^^^^^^^^^^^^^^
  File "/app/worker/providers/payvault.py", line 61, in charge
    raise PaymentGatewayError(f"401 Unauthorized (code={code})")
worker.providers.payvault.PaymentGatewayError: 401 Unauthorized (code=auth_token_expired)
2025-04-18T14:31:29.180Z ERROR payment-worker job=pay order=ORD-77539 request=req-8794ef46 attempt=3 provider=payvault error='PaymentGatewayError: 401 Unauthorized (code=auth_token_expired)'
Traceback (most recent call last):
  File "/app/worker/payments.py", line 147, in capture
    resp = self.provider.charge(token=self.token, amount=amount)
           ^^^^^^^^^^^^^^^^^^^^^^^^^^^^^^^^^^^^^^^^^^^^^^^^^^^
  File "/app/worker/providers/payvault.py", line 61, in charge
    raise PaymentGatewayError(f"401 Unauthorized (code={code})")
worker.providers.payvault.PaymentGatewayError: 401 Unauthorized (code=auth_token_expired)
2025-04-18T14:31:30.526Z ERROR payment-worker job=pay order=ORD-77539 request=req-8794ef46 DEAD-LETTER after 3 attempts reason=PaymentGatewayError
2025-04-18T14:32:09.308Z ERROR payment-worker job=pay order=ORD-77544 request=req-66cb3bcf attempt=1 provider=payvault error='PaymentGatewayError: 401 Unauthorized (code=auth_token_expired)'
Traceback (most recent call last):
  File "/app/worker/payments.py", line 147, in capture
    resp = self.provider.charge(token=self.token, amount=amount)
           ^^^^^^^^^^^^^^^^^^^^^^^^^^^^^^^^^^^^^^^^^^^^^^^^^^^
  File "/app/worker/providers/payvault.py", line 61, in charge
    raise PaymentGatewayError(f"401 Unauthorized (code={code})")
worker.providers.payvault.PaymentGatewayError: 401 Unauthorized (code=auth_token_expired)
2025-04-18T14:32:10.420Z ERROR payment-worker job=pay order=ORD-77544 request=req-66cb3bcf attempt=2 provider=payvault error='PaymentGatewayError: 401 Unauthorized (code=auth_token_expired)'
Traceback (most recent call last):
  File "/app/worker/payments.py", line 147, in capture
    resp = self.provider.charge(token=self.token, amount=amount)
           ^^^^^^^^^^^^^^^^^^^^^^^^^^^^^^^^^^^^^^^^^^^^^^^^^^^
  File "/app/worker/providers/payvault.py", line 61, in charge
    raise PaymentGatewayError(f"401 Unauthorized (code={code})")
worker.providers.payvault.PaymentGatewayError: 401 Unauthorized (code=auth_token_expired)
2025-04-18T14:32:11.624Z ERROR payment-worker job=pay order=ORD-77544 request=req-66cb3bcf attempt=3 provider=payvault error='PaymentGatewayError: 401 Unauthorized (code=auth_token_expired)'
Traceback (most recent call last):
  File "/app/worker/payments.py", line 147, in capture
    resp = self.provider.charge(token=self.token, amount=amount)
           ^^^^^^^^^^^^^^^^^^^^^^^^^^^^^^^^^^^^^^^^^^^^^^^^^^^
  File "/app/worker/providers/payvault.py", line 61, in charge
    raise PaymentGatewayError(f"401 Unauthorized (code={code})")
worker.providers.payvault.PaymentGatewayError: 401 Unauthorized (code=auth_token_expired)
2025-04-18T14:32:12.721Z ERROR payment-worker job=pay order=ORD-77544 request=req-66cb3bcf DEAD-LETTER after 3 attempts reason=PaymentGatewayError
2025-04-18T14:33:25.857Z ERROR payment-worker job=pay order=ORD-77545 request=req-7e436812 attempt=1 provider=payvault error='PaymentGatewayError: 401 Unauthorized (code=auth_token_expired)'
Traceback (most recent call last):
  File "/app/worker/payments.py", line 147, in capture
    resp = self.provider.charge(token=self.token, amount=amount)
           ^^^^^^^^^^^^^^^^^^^^^^^^^^^^^^^^^^^^^^^^^^^^^^^^^^^
  File "/app/worker/providers/payvault.py", line 61, in charge
    raise PaymentGatewayError(f"401 Unauthorized (code={code})")
worker.providers.payvault.PaymentGatewayError: 401 Unauthorized (code=auth_token_expired)
2025-04-18T14:33:26.952Z ERROR payment-worker job=pay order=ORD-77545 request=req-7e436812 attempt=2 provider=payvault error='PaymentGatewayError: 401 Unauthorized (code=auth_token_expired)'
Traceback (most recent call last):
  File "/app/worker/payments.py", line 147, in capture
    resp = self.provider.charge(token=self.token, amount=amount)
           ^^^^^^^^^^^^^^^^^^^^^^^^^^^^^^^^^^^^^^^^^^^^^^^^^^^
  File "/app/worker/providers/payvault.py", line 61, in charge
    raise PaymentGatewayError(f"401 Unauthorized (code={code})")
worker.providers.payvault.PaymentGatewayError: 401 Unauthorized (code=auth_token_expired)
2025-04-18T14:33:28.041Z ERROR payment-worker job=pay order=ORD-77545 request=req-7e436812 attempt=3 provider=payvault error='PaymentGatewayError: 401 Unauthorized (code=auth_token_expired)'
Traceback (most recent call last):
  File "/app/worker/payments.py", line 147, in capture
    resp = self.provider.charge(token=self.token, amount=amount)
           ^^^^^^^^^^^^^^^^^^^^^^^^^^^^^^^^^^^^^^^^^^^^^^^^^^^
  File "/app/worker/providers/payvault.py", line 61, in charge
    raise PaymentGatewayError(f"401 Unauthorized (code={code})")
worker.providers.payvault.PaymentGatewayError: 401 Unauthorized (code=auth_token_expired)
2025-04-18T14:33:28.550Z ERROR payment-worker job=pay order=ORD-77545 request=req-7e436812 DEAD-LETTER after 3 attempts reason=PaymentGatewayError
2025-04-18T14:34:48.275Z ERROR payment-worker job=pay order=ORD-77546 request=req-adf95d7d attempt=1 provider=payvault error='PaymentGatewayError: 401 Unauthorized (code=auth_token_expired)'
Traceback (most recent call last):
  File "/app/worker/payments.py", line 147, in capture
    resp = self.provider.charge(token=self.token, amount=amount)
           ^^^^^^^^^^^^^^^^^^^^^^^^^^^^^^^^^^^^^^^^^^^^^^^^^^^
  File "/app/worker/providers/payvault.py", line 61, in charge
    raise PaymentGatewayError(f"401 Unauthorized (code={code})")
worker.providers.payvault.PaymentGatewayError: 401 Unauthorized (code=auth_token_expired)
2025-04-18T14:34:49.115Z ERROR payment-worker job=pay order=ORD-77546 request=req-adf95d7d attempt=2 provider=payvault error='PaymentGatewayError: 401 Unauthorized (code=auth_token_expired)'
Traceback (most recent call last):
  File "/app/worker/payments.py", line 147, in capture
    resp = self.provider.charge(token=self.token, amount=amount)
           ^^^^^^^^^^^^^^^^^^^^^^^^^^^^^^^^^^^^^^^^^^^^^^^^^^^
  File "/app/worker/providers/payvault.py", line 61, in charge
    raise PaymentGatewayError(f"401 Unauthorized (code={code})")
worker.providers.payvault.PaymentGatewayError: 401 Unauthorized (code=auth_token_expired)
2025-04-18T14:34:49.727Z ERROR payment-worker job=pay order=ORD-77546 request=req-adf95d7d attempt=3 provider=payvault error='PaymentGatewayError: 401 Unauthorized (code=auth_token_expired)'
Traceback (most recent call last):
  File "/app/worker/payments.py", line 147, in capture
    resp = self.provider.charge(token=self.token, amount=amount)
           ^^^^^^^^^^^^^^^^^^^^^^^^^^^^^^^^^^^^^^^^^^^^^^^^^^^
  File "/app/worker/providers/payvault.py", line 61, in charge
    raise PaymentGatewayError(f"401 Unauthorized (code={code})")
worker.providers.payvault.PaymentGatewayError: 401 Unauthorized (code=auth_token_expired)
2025-04-18T14:34:51.265Z ERROR payment-worker job=pay order=ORD-77546 request=req-adf95d7d DEAD-LETTER after 3 attempts reason=PaymentGatewayError
2025-04-18T14:35:50.436Z ERROR payment-worker job=pay order=ORD-77547 request=req-8c81d5a4 attempt=1 provider=payvault error='PaymentGatewayError: 401 Unauthorized (code=auth_token_expired)'
Traceback (most recent call last):
  File "/app/worker/payments.py", line 147, in capture
    resp = self.provider.charge(token=self.token, amount=amount)
           ^^^^^^^^^^^^^^^^^^^^^^^^^^^^^^^^^^^^^^^^^^^^^^^^^^^
  File "/app/worker/providers/payvault.py", line 61, in charge
    raise PaymentGatewayError(f"401 Unauthorized (code={code})")
worker.providers.payvault.PaymentGatewayError: 401 Unauthorized (code=auth_token_expired)
2025-04-18T14:35:51.598Z ERROR payment-worker job=pay order=ORD-77547 request=req-8c81d5a4 attempt=2 provider=payvault error='PaymentGatewayError: 401 Unauthorized (code=auth_token_expired)'
Traceback (most recent call last):
  File "/app/worker/payments.py", line 147, in capture
    resp = self.provider.charge(token=self.token, amount=amount)
           ^^^^^^^^^^^^^^^^^^^^^^^^^^^^^^^^^^^^^^^^^^^^^^^^^^^
  File "/app/worker/providers/payvault.py", line 61, in charge
    raise PaymentGatewayError(f"401 Unauthorized (code={code})")
worker.providers.payvault.PaymentGatewayError: 401 Unauthorized (code=auth_token_expired)
2025-04-18T14:35:52.298Z ERROR payment-worker job=pay order=ORD-77547 request=req-8c81d5a4 attempt=3 provider=payvault error='PaymentGatewayError: 401 Unauthorized (code=auth_token_expired)'
Traceback (most recent call last):
  File "/app/worker/payments.py", line 147, in capture
    resp = self.provider.charge(token=self.token, amount=amount)
           ^^^^^^^^^^^^^^^^^^^^^^^^^^^^^^^^^^^^^^^^^^^^^^^^^^^
  File "/app/worker/providers/payvault.py", line 61, in charge
    raise PaymentGatewayError(f"401 Unauthorized (code={code})")
worker.providers.payvault.PaymentGatewayError: 401 Unauthorized (code=auth_token_expired)
2025-04-18T14:35:53.415Z ERROR payment-worker job=pay order=ORD-77547 request=req-8c81d5a4 DEAD-LETTER after 3 attempts reason=PaymentGatewayError
2025-04-18T14:37:03.622Z ERROR payment-worker job=pay order=ORD-77548 request=req-60a90e15 attempt=1 provider=payvault error='PaymentGatewayError: 401 Unauthorized (code=auth_token_expired)'
Traceback (most recent call last):
  File "/app/worker/payments.py", line 147, in capture
    resp = self.provider.charge(token=self.token, amount=amount)
           ^^^^^^^^^^^^^^^^^^^^^^^^^^^^^^^^^^^^^^^^^^^^^^^^^^^
  File "/app/worker/providers/payvault.py", line 61, in charge
    raise PaymentGatewayError(f"401 Unauthorized (code={code})")
worker.providers.payvault.PaymentGatewayError: 401 Unauthorized (code=auth_token_expired)
2025-04-18T14:37:04.422Z ERROR payment-worker job=pay order=ORD-77548 request=req-60a90e15 attempt=2 provider=payvault error='PaymentGatewayError: 401 Unauthorized (code=auth_token_expired)'
Traceback (most recent call last):
  File "/app/worker/payments.py", line 147, in capture
    resp = self.provider.charge(token=self.token, amount=amount)
           ^^^^^^^^^^^^^^^^^^^^^^^^^^^^^^^^^^^^^^^^^^^^^^^^^^^
  File "/app/worker/providers/payvault.py", line 61, in charge
    raise PaymentGatewayError(f"401 Unauthorized (code={code})")
worker.providers.payvault.PaymentGatewayError: 401 Unauthorized (code=auth_token_expired)
2025-04-18T14:37:05.266Z ERROR payment-worker job=pay order=ORD-77548 request=req-60a90e15 attempt=3 provider=payvault error='PaymentGatewayError: 401 Unauthorized (code=auth_token_expired)'
Traceback (most recent call last):
  File "/app/worker/payments.py", line 147, in capture
    resp = self.provider.charge(token=self.token, amount=amount)
           ^^^^^^^^^^^^^^^^^^^^^^^^^^^^^^^^^^^^^^^^^^^^^^^^^^^
  File "/app/worker/providers/payvault.py", line 61, in charge
    raise PaymentGatewayError(f"401 Unauthorized (code={code})")
worker.providers.payvault.PaymentGatewayError: 401 Unauthorized (code=auth_token_expired)
2025-04-18T14:37:06.648Z ERROR payment-worker job=pay order=ORD-77548 request=req-60a90e15 DEAD-LETTER after 3 attempts reason=PaymentGatewayError
2025-04-18T14:38:09.824Z ERROR payment-worker job=pay order=ORD-77543 request=req-67e2ddf6 attempt=1 provider=payvault error='PaymentGatewayError: 401 Unauthorized (code=auth_token_expired)'
Traceback (most recent call last):
  File "/app/worker/payments.py", line 147, in capture
    resp = self.provider.charge(token=self.token, amount=amount)
           ^^^^^^^^^^^^^^^^^^^^^^^^^^^^^^^^^^^^^^^^^^^^^^^^^^^
  File "/app/worker/providers/payvault.py", line 61, in charge
    raise PaymentGatewayError(f"401 Unauthorized (code={code})")
worker.providers.payvault.PaymentGatewayError: 401 Unauthorized (code=auth_token_expired)
2025-04-18T14:38:11.003Z ERROR payment-worker job=pay order=ORD-77543 request=req-67e2ddf6 attempt=2 provider=payvault error='PaymentGatewayError: 401 Unauthorized (code=auth_token_expired)'
Traceback (most recent call last):
  File "/app/worker/payments.py", line 147, in capture
    resp = self.provider.charge(token=self.token, amount=amount)
           ^^^^^^^^^^^^^^^^^^^^^^^^^^^^^^^^^^^^^^^^^^^^^^^^^^^
  File "/app/worker/providers/payvault.py", line 61, in charge
    raise PaymentGatewayError(f"401 Unauthorized (code={code})")
worker.providers.payvault.PaymentGatewayError: 401 Unauthorized (code=auth_token_expired)
2025-04-18T14:38:11.920Z ERROR payment-worker job=pay order=ORD-77543 request=req-67e2ddf6 attempt=3 provider=payvault error='PaymentGatewayError: 401 Unauthorized (code=auth_token_expired)'
Traceback (most recent call last):
  File "/app/worker/payments.py", line 147, in capture
    resp = self.provider.charge(token=self.token, amount=amount)
           ^^^^^^^^^^^^^^^^^^^^^^^^^^^^^^^^^^^^^^^^^^^^^^^^^^^
  File "/app/worker/providers/payvault.py", line 61, in charge
    raise PaymentGatewayError(f"401 Unauthorized (code={code})")
worker.providers.payvault.PaymentGatewayError: 401 Unauthorized (code=auth_token_expired)
2025-04-18T14:38:12.899Z ERROR payment-worker job=pay order=ORD-77543 request=req-67e2ddf6 DEAD-LETTER after 3 attempts reason=PaymentGatewayError
2025-04-18T14:38:14.098Z ERROR payment-worker job=pay order=ORD-77549 request=req-a728e6ae attempt=1 provider=payvault error='PaymentGatewayError: 401 Unauthorized (code=auth_token_expired)'
Traceback (most recent call last):
  File "/app/worker/payments.py", line 147, in capture
    resp = self.provider.charge(token=self.token, amount=amount)
           ^^^^^^^^^^^^^^^^^^^^^^^^^^^^^^^^^^^^^^^^^^^^^^^^^^^
  File "/app/worker/providers/payvault.py", line 61, in charge
    raise PaymentGatewayError(f"401 Unauthorized (code={code})")
worker.providers.payvault.PaymentGatewayError: 401 Unauthorized (code=auth_token_expired)
2025-04-18T14:38:15.172Z ERROR payment-worker job=pay order=ORD-77549 request=req-a728e6ae attempt=2 provider=payvault error='PaymentGatewayError: 401 Unauthorized (code=auth_token_expired)'
Traceback (most recent call last):
  File "/app/worker/payments.py", line 147, in capture
    resp = self.provider.charge(token=self.token, amount=amount)
           ^^^^^^^^^^^^^^^^^^^^^^^^^^^^^^^^^^^^^^^^^^^^^^^^^^^
  File "/app/worker/providers/payvault.py", line 61, in charge
    raise PaymentGatewayError(f"401 Unauthorized (code={code})")
worker.providers.payvault.PaymentGatewayError: 401 Unauthorized (code=auth_token_expired)
2025-04-18T14:38:16.326Z ERROR payment-worker job=pay order=ORD-77549 request=req-a728e6ae attempt=3 provider=payvault error='PaymentGatewayError: 401 Unauthorized (code=auth_token_expired)'
Traceback (most recent call last):
  File "/app/worker/payments.py", line 147, in capture
    resp = self.provider.charge(token=self.token, amount=amount)
           ^^^^^^^^^^^^^^^^^^^^^^^^^^^^^^^^^^^^^^^^^^^^^^^^^^^
  File "/app/worker/providers/payvault.py", line 61, in charge
    raise PaymentGatewayError(f"401 Unauthorized (code={code})")
worker.providers.payvault.PaymentGatewayError: 401 Unauthorized (code=auth_token_expired)
2025-04-18T14:38:16.752Z ERROR payment-worker job=pay order=ORD-77549 request=req-a728e6ae DEAD-LETTER after 3 attempts reason=PaymentGatewayError
2025-04-18T14:38:57.124Z ERROR payment-worker job=pay order=ORD-77550 request=req-db6f9319 attempt=1 provider=payvault error='PaymentGatewayError: 401 Unauthorized (code=auth_token_expired)'
Traceback (most recent call last):
  File "/app/worker/payments.py", line 147, in capture
    resp = self.provider.charge(token=self.token, amount=amount)
           ^^^^^^^^^^^^^^^^^^^^^^^^^^^^^^^^^^^^^^^^^^^^^^^^^^^
  File "/app/worker/providers/payvault.py", line 61, in charge
    raise PaymentGatewayError(f"401 Unauthorized (code={code})")
worker.providers.payvault.PaymentGatewayError: 401 Unauthorized (code=auth_token_expired)
2025-04-18T14:38:58.178Z ERROR payment-worker job=pay order=ORD-77550 request=req-db6f9319 attempt=2 provider=payvault error='PaymentGatewayError: 401 Unauthorized (code=auth_token_expired)'
Traceback (most recent call last):
  File "/app/worker/payments.py", line 147, in capture
    resp = self.provider.charge(token=self.token, amount=amount)
           ^^^^^^^^^^^^^^^^^^^^^^^^^^^^^^^^^^^^^^^^^^^^^^^^^^^
  File "/app/worker/providers/payvault.py", line 61, in charge
    raise PaymentGatewayError(f"401 Unauthorized (code={code})")
worker.providers.payvault.PaymentGatewayError: 401 Unauthorized (code=auth_token_expired)
2025-04-18T14:38:59.100Z ERROR payment-worker job=pay order=ORD-77550 request=req-db6f9319 attempt=3 provider=payvault error='PaymentGatewayError: 401 Unauthorized (code=auth_token_expired)'
Traceback (most recent call last):
  File "/app/worker/payments.py", line 147, in capture
    resp = self.provider.charge(token=self.token, amount=amount)
           ^^^^^^^^^^^^^^^^^^^^^^^^^^^^^^^^^^^^^^^^^^^^^^^^^^^
  File "/app/worker/providers/payvault.py", line 61, in charge
    raise PaymentGatewayError(f"401 Unauthorized (code={code})")
worker.providers.payvault.PaymentGatewayError: 401 Unauthorized (code=auth_token_expired)
2025-04-18T14:39:00.036Z ERROR payment-worker job=pay order=ORD-77550 request=req-db6f9319 DEAD-LETTER after 3 attempts reason=PaymentGatewayError
2025-04-18T14:39:46.260Z ERROR payment-worker job=pay order=ORD-77551 request=req-da7cd4e4 attempt=1 provider=payvault error='PaymentGatewayError: 401 Unauthorized (code=auth_token_expired)'
Traceback (most recent call last):
  File "/app/worker/payments.py", line 147, in capture
    resp = self.provider.charge(token=self.token, amount=amount)
           ^^^^^^^^^^^^^^^^^^^^^^^^^^^^^^^^^^^^^^^^^^^^^^^^^^^
  File "/app/worker/providers/payvault.py", line 61, in charge
    raise PaymentGatewayError(f"401 Unauthorized (code={code})")
worker.providers.payvault.PaymentGatewayError: 401 Unauthorized (code=auth_token_expired)
2025-04-18T14:39:47.259Z ERROR payment-worker job=pay order=ORD-77551 request=req-da7cd4e4 attempt=2 provider=payvault error='PaymentGatewayError: 401 Unauthorized (code=auth_token_expired)'
Traceback (most recent call last):
  File "/app/worker/payments.py", line 147, in capture
    resp = self.provider.charge(token=self.token, amount=amount)
           ^^^^^^^^^^^^^^^^^^^^^^^^^^^^^^^^^^^^^^^^^^^^^^^^^^^
  File "/app/worker/providers/payvault.py", line 61, in charge
    raise PaymentGatewayError(f"401 Unauthorized (code={code})")
worker.providers.payvault.PaymentGatewayError: 401 Unauthorized (code=auth_token_expired)
2025-04-18T14:39:48.510Z ERROR payment-worker job=pay order=ORD-77551 request=req-da7cd4e4 attempt=3 provider=payvault error='PaymentGatewayError: 401 Unauthorized (code=auth_token_expired)'
Traceback (most recent call last):
  File "/app/worker/payments.py", line 147, in capture
    resp = self.provider.charge(token=self.token, amount=amount)
           ^^^^^^^^^^^^^^^^^^^^^^^^^^^^^^^^^^^^^^^^^^^^^^^^^^^
  File "/app/worker/providers/payvault.py", line 61, in charge
    raise PaymentGatewayError(f"401 Unauthorized (code={code})")
worker.providers.payvault.PaymentGatewayError: 401 Unauthorized (code=auth_token_expired)
2025-04-18T14:39:48.974Z ERROR payment-worker job=pay order=ORD-77551 request=req-da7cd4e4 DEAD-LETTER after 3 attempts reason=PaymentGatewayError
2025-04-18T14:40:31.424Z ERROR payment-worker job=pay order=ORD-77552 request=req-a8501003 attempt=1 provider=payvault error='PaymentGatewayError: 401 Unauthorized (code=auth_token_expired)'
Traceback (most recent call last):
  File "/app/worker/payments.py", line 147, in capture
    resp = self.provider.charge(token=self.token, amount=amount)
           ^^^^^^^^^^^^^^^^^^^^^^^^^^^^^^^^^^^^^^^^^^^^^^^^^^^
  File "/app/worker/providers/payvault.py", line 61, in charge
    raise PaymentGatewayError(f"401 Unauthorized (code={code})")
worker.providers.payvault.PaymentGatewayError: 401 Unauthorized (code=auth_token_expired)
2025-04-18T14:40:32.127Z ERROR payment-worker job=pay order=ORD-77552 request=req-a8501003 attempt=2 provider=payvault error='PaymentGatewayError: 401 Unauthorized (code=auth_token_expired)'
Traceback (most recent call last):
  File "/app/worker/payments.py", line 147, in capture
    resp = self.provider.charge(token=self.token, amount=amount)
           ^^^^^^^^^^^^^^^^^^^^^^^^^^^^^^^^^^^^^^^^^^^^^^^^^^^
  File "/app/worker/providers/payvault.py", line 61, in charge
    raise PaymentGatewayError(f"401 Unauthorized (code={code})")
worker.providers.payvault.PaymentGatewayError: 401 Unauthorized (code=auth_token_expired)
2025-04-18T14:40:33.460Z ERROR payment-worker job=pay order=ORD-77552 request=req-a8501003 attempt=3 provider=payvault error='PaymentGatewayError: 401 Unauthorized (code=auth_token_expired)'
Traceback (most recent call last):
  File "/app/worker/payments.py", line 147, in capture
    resp = self.provider.charge(token=self.token, amount=amount)
           ^^^^^^^^^^^^^^^^^^^^^^^^^^^^^^^^^^^^^^^^^^^^^^^^^^^
  File "/app/worker/providers/payvault.py", line 61, in charge
    raise PaymentGatewayError(f"401 Unauthorized (code={code})")
worker.providers.payvault.PaymentGatewayError: 401 Unauthorized (code=auth_token_expired)
2025-04-18T14:40:34.123Z ERROR payment-worker job=pay order=ORD-77552 request=req-a8501003 DEAD-LETTER after 3 attempts reason=PaymentGatewayError
2025-04-18T14:41:30.707Z ERROR payment-worker job=pay order=ORD-77548 request=req-625317e0 attempt=1 provider=payvault error='PaymentGatewayError: 401 Unauthorized (code=auth_token_expired)'
Traceback (most recent call last):
  File "/app/worker/payments.py", line 147, in capture
    resp = self.provider.charge(token=self.token, amount=amount)
           ^^^^^^^^^^^^^^^^^^^^^^^^^^^^^^^^^^^^^^^^^^^^^^^^^^^
  File "/app/worker/providers/payvault.py", line 61, in charge
    raise PaymentGatewayError(f"401 Unauthorized (code={code})")
worker.providers.payvault.PaymentGatewayError: 401 Unauthorized (code=auth_token_expired)
2025-04-18T14:41:31.552Z ERROR payment-worker job=pay order=ORD-77548 request=req-625317e0 attempt=2 provider=payvault error='PaymentGatewayError: 401 Unauthorized (code=auth_token_expired)'
Traceback (most recent call last):
  File "/app/worker/payments.py", line 147, in capture
    resp = self.provider.charge(token=self.token, amount=amount)
           ^^^^^^^^^^^^^^^^^^^^^^^^^^^^^^^^^^^^^^^^^^^^^^^^^^^
  File "/app/worker/providers/payvault.py", line 61, in charge
    raise PaymentGatewayError(f"401 Unauthorized (code={code})")
worker.providers.payvault.PaymentGatewayError: 401 Unauthorized (code=auth_token_expired)
2025-04-18T14:41:32.203Z ERROR payment-worker job=pay order=ORD-77548 request=req-625317e0 attempt=3 provider=payvault error='PaymentGatewayError: 401 Unauthorized (code=auth_token_expired)'
Traceback (most recent call last):
  File "/app/worker/payments.py", line 147, in capture
    resp = self.provider.charge(token=self.token, amount=amount)
           ^^^^^^^^^^^^^^^^^^^^^^^^^^^^^^^^^^^^^^^^^^^^^^^^^^^
  File "/app/worker/providers/payvault.py", line 61, in charge
    raise PaymentGatewayError(f"401 Unauthorized (code={code})")
worker.providers.payvault.PaymentGatewayError: 401 Unauthorized (code=auth_token_expired)
2025-04-18T14:41:33.644Z ERROR payment-worker job=pay order=ORD-77548 request=req-625317e0 DEAD-LETTER after 3 attempts reason=PaymentGatewayError
2025-04-18T14:41:34.784Z ERROR payment-worker job=pay order=ORD-77553 request=req-2c2d4394 attempt=1 provider=payvault error='PaymentGatewayError: 401 Unauthorized (code=auth_token_expired)'
Traceback (most recent call last):
  File "/app/worker/payments.py", line 147, in capture
    resp = self.provider.charge(token=self.token, amount=amount)
           ^^^^^^^^^^^^^^^^^^^^^^^^^^^^^^^^^^^^^^^^^^^^^^^^^^^
  File "/app/worker/providers/payvault.py", line 61, in charge
    raise PaymentGatewayError(f"401 Unauthorized (code={code})")
worker.providers.payvault.PaymentGatewayError: 401 Unauthorized (code=auth_token_expired)
2025-04-18T14:41:35.731Z ERROR payment-worker job=pay order=ORD-77553 request=req-2c2d4394 attempt=2 provider=payvault error='PaymentGatewayError: 401 Unauthorized (code=auth_token_expired)'
Traceback (most recent call last):
  File "/app/worker/payments.py", line 147, in capture
    resp = self.provider.charge(token=self.token, amount=amount)
           ^^^^^^^^^^^^^^^^^^^^^^^^^^^^^^^^^^^^^^^^^^^^^^^^^^^
  File "/app/worker/providers/payvault.py", line 61, in charge
    raise PaymentGatewayError(f"401 Unauthorized (code={code})")
worker.providers.payvault.PaymentGatewayError: 401 Unauthorized (code=auth_token_expired)
2025-04-18T14:41:36.418Z ERROR payment-worker job=pay order=ORD-77553 request=req-2c2d4394 attempt=3 provider=payvault error='PaymentGatewayError: 401 Unauthorized (code=auth_token_expired)'
Traceback (most recent call last):
  File "/app/worker/payments.py", line 147, in capture
    resp = self.provider.charge(token=self.token, amount=amount)
           ^^^^^^^^^^^^^^^^^^^^^^^^^^^^^^^^^^^^^^^^^^^^^^^^^^^
  File "/app/worker/providers/payvault.py", line 61, in charge
    raise PaymentGatewayError(f"401 Unauthorized (code={code})")
worker.providers.payvault.PaymentGatewayError: 401 Unauthorized (code=auth_token_expired)
2025-04-18T14:41:38.286Z ERROR payment-worker job=pay order=ORD-77553 request=req-2c2d4394 DEAD-LETTER after 3 attempts reason=PaymentGatewayError
2025-04-18T14:42:49.208Z ERROR payment-worker job=pay order=ORD-77554 request=req-cb083bc7 attempt=1 provider=payvault error='PaymentGatewayError: 401 Unauthorized (code=auth_token_expired)'
Traceback (most recent call last):
  File "/app/worker/payments.py", line 147, in capture
    resp = self.provider.charge(token=self.token, amount=amount)
           ^^^^^^^^^^^^^^^^^^^^^^^^^^^^^^^^^^^^^^^^^^^^^^^^^^^
  File "/app/worker/providers/payvault.py", line 61, in charge
    raise PaymentGatewayError(f"401 Unauthorized (code={code})")
worker.providers.payvault.PaymentGatewayError: 401 Unauthorized (code=auth_token_expired)
2025-04-18T14:42:50.193Z ERROR payment-worker job=pay order=ORD-77554 request=req-cb083bc7 attempt=2 provider=payvault error='PaymentGatewayError: 401 Unauthorized (code=auth_token_expired)'
Traceback (most recent call last):
  File "/app/worker/payments.py", line 147, in capture
    resp = self.provider.charge(token=self.token, amount=amount)
           ^^^^^^^^^^^^^^^^^^^^^^^^^^^^^^^^^^^^^^^^^^^^^^^^^^^
  File "/app/worker/providers/payvault.py", line 61, in charge
    raise PaymentGatewayError(f"401 Unauthorized (code={code})")
worker.providers.payvault.PaymentGatewayError: 401 Unauthorized (code=auth_token_expired)
2025-04-18T14:42:51.122Z ERROR payment-worker job=pay order=ORD-77554 request=req-cb083bc7 attempt=3 provider=payvault error='PaymentGatewayError: 401 Unauthorized (code=auth_token_expired)'
Traceback (most recent call last):
  File "/app/worker/payments.py", line 147, in capture
    resp = self.provider.charge(token=self.token, amount=amount)
           ^^^^^^^^^^^^^^^^^^^^^^^^^^^^^^^^^^^^^^^^^^^^^^^^^^^
  File "/app/worker/providers/payvault.py", line 61, in charge
    raise PaymentGatewayError(f"401 Unauthorized (code={code})")
worker.providers.payvault.PaymentGatewayError: 401 Unauthorized (code=auth_token_expired)
2025-04-18T14:42:52.808Z ERROR payment-worker job=pay order=ORD-77554 request=req-cb083bc7 DEAD-LETTER after 3 attempts reason=PaymentGatewayError
2025-04-18T14:43:28.636Z ERROR payment-worker job=pay order=ORD-77555 request=req-3335a6f9 attempt=1 provider=payvault error='PaymentGatewayError: 401 Unauthorized (code=auth_token_expired)'
Traceback (most recent call last):
  File "/app/worker/payments.py", line 147, in capture
    resp = self.provider.charge(token=self.token, amount=amount)
           ^^^^^^^^^^^^^^^^^^^^^^^^^^^^^^^^^^^^^^^^^^^^^^^^^^^
  File "/app/worker/providers/payvault.py", line 61, in charge
    raise PaymentGatewayError(f"401 Unauthorized (code={code})")
worker.providers.payvault.PaymentGatewayError: 401 Unauthorized (code=auth_token_expired)
2025-04-18T14:43:29.570Z ERROR payment-worker job=pay order=ORD-77555 request=req-3335a6f9 attempt=2 provider=payvault error='PaymentGatewayError: 401 Unauthorized (code=auth_token_expired)'
Traceback (most recent call last):
  File "/app/worker/payments.py", line 147, in capture
    resp = self.provider.charge(token=self.token, amount=amount)
           ^^^^^^^^^^^^^^^^^^^^^^^^^^^^^^^^^^^^^^^^^^^^^^^^^^^
  File "/app/worker/providers/payvault.py", line 61, in charge
    raise PaymentGatewayError(f"401 Unauthorized (code={code})")
worker.providers.payvault.PaymentGatewayError: 401 Unauthorized (code=auth_token_expired)
2025-04-18T14:43:30.690Z ERROR payment-worker job=pay order=ORD-77555 request=req-3335a6f9 attempt=3 provider=payvault error='PaymentGatewayError: 401 Unauthorized (code=auth_token_expired)'
Traceback (most recent call last):
  File "/app/worker/payments.py", line 147, in capture
    resp = self.provider.charge(token=self.token, amount=amount)
           ^^^^^^^^^^^^^^^^^^^^^^^^^^^^^^^^^^^^^^^^^^^^^^^^^^^
  File "/app/worker/providers/payvault.py", line 61, in charge
    raise PaymentGatewayError(f"401 Unauthorized (code={code})")
worker.providers.payvault.PaymentGatewayError: 401 Unauthorized (code=auth_token_expired)
2025-04-18T14:43:31.648Z ERROR payment-worker job=pay order=ORD-77555 request=req-3335a6f9 DEAD-LETTER after 3 attempts reason=PaymentGatewayError
2025-04-18T14:44:32.051Z ERROR payment-worker job=pay order=ORD-77556 request=req-4767adc0 attempt=1 provider=payvault error='PaymentGatewayError: 401 Unauthorized (code=auth_token_expired)'
Traceback (most recent call last):
  File "/app/worker/payments.py", line 147, in capture
    resp = self.provider.charge(token=self.token, amount=amount)
           ^^^^^^^^^^^^^^^^^^^^^^^^^^^^^^^^^^^^^^^^^^^^^^^^^^^
  File "/app/worker/providers/payvault.py", line 61, in charge
    raise PaymentGatewayError(f"401 Unauthorized (code={code})")
worker.providers.payvault.PaymentGatewayError: 401 Unauthorized (code=auth_token_expired)
2025-04-18T14:44:32.769Z ERROR payment-worker job=pay order=ORD-77556 request=req-4767adc0 attempt=2 provider=payvault error='PaymentGatewayError: 401 Unauthorized (code=auth_token_expired)'
Traceback (most recent call last):
  File "/app/worker/payments.py", line 147, in capture
    resp = self.provider.charge(token=self.token, amount=amount)
           ^^^^^^^^^^^^^^^^^^^^^^^^^^^^^^^^^^^^^^^^^^^^^^^^^^^
  File "/app/worker/providers/payvault.py", line 61, in charge
    raise PaymentGatewayError(f"401 Unauthorized (code={code})")
worker.providers.payvault.PaymentGatewayError: 401 Unauthorized (code=auth_token_expired)
2025-04-18T14:44:34.257Z ERROR payment-worker job=pay order=ORD-77556 request=req-4767adc0 attempt=3 provider=payvault error='PaymentGatewayError: 401 Unauthorized (code=auth_token_expired)'
Traceback (most recent call last):
  File "/app/worker/payments.py", line 147, in capture
    resp = self.provider.charge(token=self.token, amount=amount)
           ^^^^^^^^^^^^^^^^^^^^^^^^^^^^^^^^^^^^^^^^^^^^^^^^^^^
  File "/app/worker/providers/payvault.py", line 61, in charge
    raise PaymentGatewayError(f"401 Unauthorized (code={code})")
worker.providers.payvault.PaymentGatewayError: 401 Unauthorized (code=auth_token_expired)
2025-04-18T14:44:35.136Z ERROR payment-worker job=pay order=ORD-77556 request=req-4767adc0 DEAD-LETTER after 3 attempts reason=PaymentGatewayError
2025-04-18T14:45:00.946Z ERROR payment-worker job=pay order=ORD-77551 request=req-454a1398 attempt=1 provider=payvault error='PaymentGatewayError: 401 Unauthorized (code=auth_token_expired)'
Traceback (most recent call last):
  File "/app/worker/payments.py", line 147, in capture
    resp = self.provider.charge(token=self.token, amount=amount)
           ^^^^^^^^^^^^^^^^^^^^^^^^^^^^^^^^^^^^^^^^^^^^^^^^^^^
  File "/app/worker/providers/payvault.py", line 61, in charge
    raise PaymentGatewayError(f"401 Unauthorized (code={code})")
worker.providers.payvault.PaymentGatewayError: 401 Unauthorized (code=auth_token_expired)
2025-04-18T14:45:02.905Z WARN  payment-worker retry queue depth 61 (warn threshold 50)
2025-04-18T14:45:02.137Z ERROR payment-worker job=pay order=ORD-77551 request=req-454a1398 attempt=2 provider=payvault error='PaymentGatewayError: 401 Unauthorized (code=auth_token_expired)'
Traceback (most recent call last):
  File "/app/worker/payments.py", line 147, in capture
    resp = self.provider.charge(token=self.token, amount=amount)
           ^^^^^^^^^^^^^^^^^^^^^^^^^^^^^^^^^^^^^^^^^^^^^^^^^^^
  File "/app/worker/providers/payvault.py", line 61, in charge
    raise PaymentGatewayError(f"401 Unauthorized (code={code})")
worker.providers.payvault.PaymentGatewayError: 401 Unauthorized (code=auth_token_expired)
2025-04-18T14:45:02.532Z ERROR payment-worker job=pay order=ORD-77551 request=req-454a1398 attempt=3 provider=payvault error='PaymentGatewayError: 401 Unauthorized (code=auth_token_expired)'
Traceback (most recent call last):
  File "/app/worker/payments.py", line 147, in capture
    resp = self.provider.charge(token=self.token, amount=amount)
           ^^^^^^^^^^^^^^^^^^^^^^^^^^^^^^^^^^^^^^^^^^^^^^^^^^^
  File "/app/worker/providers/payvault.py", line 61, in charge
    raise PaymentGatewayError(f"401 Unauthorized (code={code})")
worker.providers.payvault.PaymentGatewayError: 401 Unauthorized (code=auth_token_expired)
2025-04-18T14:45:04.139Z ERROR payment-worker job=pay order=ORD-77551 request=req-454a1398 DEAD-LETTER after 3 attempts reason=PaymentGatewayError
2025-04-18T14:45:47.498Z ERROR payment-worker job=pay order=ORD-77557 request=req-1eebc3e5 attempt=1 provider=payvault error='PaymentGatewayError: 401 Unauthorized (code=auth_token_expired)'
Traceback (most recent call last):
  File "/app/worker/payments.py", line 147, in capture
    resp = self.provider.charge(token=self.token, amount=amount)
           ^^^^^^^^^^^^^^^^^^^^^^^^^^^^^^^^^^^^^^^^^^^^^^^^^^^
  File "/app/worker/providers/payvault.py", line 61, in charge
    raise PaymentGatewayError(f"401 Unauthorized (code={code})")
worker.providers.payvault.PaymentGatewayError: 401 Unauthorized (code=auth_token_expired)
2025-04-18T14:45:48.689Z ERROR payment-worker job=pay order=ORD-77557 request=req-1eebc3e5 attempt=2 provider=payvault error='PaymentGatewayError: 401 Unauthorized (code=auth_token_expired)'
Traceback (most recent call last):
  File "/app/worker/payments.py", line 147, in capture
    resp = self.provider.charge(token=self.token, amount=amount)
           ^^^^^^^^^^^^^^^^^^^^^^^^^^^^^^^^^^^^^^^^^^^^^^^^^^^
  File "/app/worker/providers/payvault.py", line 61, in charge
    raise PaymentGatewayError(f"401 Unauthorized (code={code})")
worker.providers.payvault.PaymentGatewayError: 401 Unauthorized (code=auth_token_expired)
2025-04-18T14:45:49.016Z ERROR payment-worker job=pay order=ORD-77557 request=req-1eebc3e5 attempt=3 provider=payvault error='PaymentGatewayError: 401 Unauthorized (code=auth_token_expired)'
Traceback (most recent call last):
  File "/app/worker/payments.py", line 147, in capture
    resp = self.provider.charge(token=self.token, amount=amount)
           ^^^^^^^^^^^^^^^^^^^^^^^^^^^^^^^^^^^^^^^^^^^^^^^^^^^
  File "/app/worker/providers/payvault.py", line 61, in charge
    raise PaymentGatewayError(f"401 Unauthorized (code={code})")
worker.providers.payvault.PaymentGatewayError: 401 Unauthorized (code=auth_token_expired)
2025-04-18T14:45:50.213Z ERROR payment-worker job=pay order=ORD-77557 request=req-1eebc3e5 DEAD-LETTER after 3 attempts reason=PaymentGatewayError
2025-04-18T14:46:52.426Z ERROR payment-worker job=pay order=ORD-77558 request=req-27bebe77 attempt=1 provider=payvault error='PaymentGatewayError: 401 Unauthorized (code=auth_token_expired)'
Traceback (most recent call last):
  File "/app/worker/payments.py", line 147, in capture
    resp = self.provider.charge(token=self.token, amount=amount)
           ^^^^^^^^^^^^^^^^^^^^^^^^^^^^^^^^^^^^^^^^^^^^^^^^^^^
  File "/app/worker/providers/payvault.py", line 61, in charge
    raise PaymentGatewayError(f"401 Unauthorized (code={code})")
worker.providers.payvault.PaymentGatewayError: 401 Unauthorized (code=auth_token_expired)
2025-04-18T14:46:53.560Z ERROR payment-worker job=pay order=ORD-77558 request=req-27bebe77 attempt=2 provider=payvault error='PaymentGatewayError: 401 Unauthorized (code=auth_token_expired)'
Traceback (most recent call last):
  File "/app/worker/payments.py", line 147, in capture
    resp = self.provider.charge(token=self.token, amount=amount)
           ^^^^^^^^^^^^^^^^^^^^^^^^^^^^^^^^^^^^^^^^^^^^^^^^^^^
  File "/app/worker/providers/payvault.py", line 61, in charge
    raise PaymentGatewayError(f"401 Unauthorized (code={code})")
worker.providers.payvault.PaymentGatewayError: 401 Unauthorized (code=auth_token_expired)
2025-04-18T14:46:54.400Z ERROR payment-worker job=pay order=ORD-77558 request=req-27bebe77 attempt=3 provider=payvault error='PaymentGatewayError: 401 Unauthorized (code=auth_token_expired)'
Traceback (most recent call last):
  File "/app/worker/payments.py", line 147, in capture
    resp = self.provider.charge(token=self.token, amount=amount)
           ^^^^^^^^^^^^^^^^^^^^^^^^^^^^^^^^^^^^^^^^^^^^^^^^^^^
  File "/app/worker/providers/payvault.py", line 61, in charge
    raise PaymentGatewayError(f"401 Unauthorized (code={code})")
worker.providers.payvault.PaymentGatewayError: 401 Unauthorized (code=auth_token_expired)
2025-04-18T14:46:55.195Z ERROR payment-worker job=pay order=ORD-77558 request=req-27bebe77 DEAD-LETTER after 3 attempts reason=PaymentGatewayError
2025-04-18T14:47:51.574Z ERROR payment-worker job=pay order=ORD-77559 request=req-e783d43c attempt=1 provider=payvault error='PaymentGatewayError: 401 Unauthorized (code=auth_token_expired)'
Traceback (most recent call last):
  File "/app/worker/payments.py", line 147, in capture
    resp = self.provider.charge(token=self.token, amount=amount)
           ^^^^^^^^^^^^^^^^^^^^^^^^^^^^^^^^^^^^^^^^^^^^^^^^^^^
  File "/app/worker/providers/payvault.py", line 61, in charge
    raise PaymentGatewayError(f"401 Unauthorized (code={code})")
worker.providers.payvault.PaymentGatewayError: 401 Unauthorized (code=auth_token_expired)
2025-04-18T14:47:52.569Z ERROR payment-worker job=pay order=ORD-77559 request=req-e783d43c attempt=2 provider=payvault error='PaymentGatewayError: 401 Unauthorized (code=auth_token_expired)'
Traceback (most recent call last):
  File "/app/worker/payments.py", line 147, in capture
    resp = self.provider.charge(token=self.token, amount=amount)
           ^^^^^^^^^^^^^^^^^^^^^^^^^^^^^^^^^^^^^^^^^^^^^^^^^^^
  File "/app/worker/providers/payvault.py", line 61, in charge
    raise PaymentGatewayError(f"401 Unauthorized (code={code})")
worker.providers.payvault.PaymentGatewayError: 401 Unauthorized (code=auth_token_expired)
2025-04-18T14:47:53.478Z ERROR payment-worker job=pay order=ORD-77559 request=req-e783d43c attempt=3 provider=payvault error='PaymentGatewayError: 401 Unauthorized (code=auth_token_expired)'
Traceback (most recent call last):
  File "/app/worker/payments.py", line 147, in capture
    resp = self.provider.charge(token=self.token, amount=amount)
           ^^^^^^^^^^^^^^^^^^^^^^^^^^^^^^^^^^^^^^^^^^^^^^^^^^^
  File "/app/worker/providers/payvault.py", line 61, in charge
    raise PaymentGatewayError(f"401 Unauthorized (code={code})")
worker.providers.payvault.PaymentGatewayError: 401 Unauthorized (code=auth_token_expired)
2025-04-18T14:47:54.654Z ERROR payment-worker job=pay order=ORD-77559 request=req-e783d43c DEAD-LETTER after 3 attempts reason=PaymentGatewayError
2025-04-18T14:48:29.871Z ERROR payment-worker job=pay order=ORD-77560 request=req-bf5ce8c2 attempt=1 provider=payvault error='PaymentGatewayError: 401 Unauthorized (code=auth_token_expired)'
Traceback (most recent call last):
  File "/app/worker/payments.py", line 147, in capture
    resp = self.provider.charge(token=self.token, amount=amount)
           ^^^^^^^^^^^^^^^^^^^^^^^^^^^^^^^^^^^^^^^^^^^^^^^^^^^
  File "/app/worker/providers/payvault.py", line 61, in charge
    raise PaymentGatewayError(f"401 Unauthorized (code={code})")
worker.providers.payvault.PaymentGatewayError: 401 Unauthorized (code=auth_token_expired)
2025-04-18T14:48:30.976Z ERROR payment-worker job=pay order=ORD-77560 request=req-bf5ce8c2 attempt=2 provider=payvault error='PaymentGatewayError: 401 Unauthorized (code=auth_token_expired)'
Traceback (most recent call last):
  File "/app/worker/payments.py", line 147, in capture
    resp = self.provider.charge(token=self.token, amount=amount)
           ^^^^^^^^^^^^^^^^^^^^^^^^^^^^^^^^^^^^^^^^^^^^^^^^^^^
  File "/app/worker/providers/payvault.py", line 61, in charge
    raise PaymentGatewayError(f"401 Unauthorized (code={code})")
worker.providers.payvault.PaymentGatewayError: 401 Unauthorized (code=auth_token_expired)
2025-04-18T14:48:32.119Z ERROR payment-worker job=pay order=ORD-77560 request=req-bf5ce8c2 attempt=3 provider=payvault error='PaymentGatewayError: 401 Unauthorized (code=auth_token_expired)'
Traceback (most recent call last):
  File "/app/worker/payments.py", line 147, in capture
    resp = self.provider.charge(token=self.token, amount=amount)
           ^^^^^^^^^^^^^^^^^^^^^^^^^^^^^^^^^^^^^^^^^^^^^^^^^^^
  File "/app/worker/providers/payvault.py", line 61, in charge
    raise PaymentGatewayError(f"401 Unauthorized (code={code})")
worker.providers.payvault.PaymentGatewayError: 401 Unauthorized (code=auth_token_expired)
2025-04-18T14:48:32.687Z ERROR payment-worker job=pay order=ORD-77560 request=req-bf5ce8c2 DEAD-LETTER after 3 attempts reason=PaymentGatewayError
2025-04-18T14:49:22.190Z ERROR payment-worker job=pay order=ORD-77561 request=req-b78c36dc attempt=1 provider=payvault error='PaymentGatewayError: 401 Unauthorized (code=auth_token_expired)'
Traceback (most recent call last):
  File "/app/worker/payments.py", line 147, in capture
    resp = self.provider.charge(token=self.token, amount=amount)
           ^^^^^^^^^^^^^^^^^^^^^^^^^^^^^^^^^^^^^^^^^^^^^^^^^^^
  File "/app/worker/providers/payvault.py", line 61, in charge
    raise PaymentGatewayError(f"401 Unauthorized (code={code})")
worker.providers.payvault.PaymentGatewayError: 401 Unauthorized (code=auth_token_expired)
2025-04-18T14:49:23.373Z ERROR payment-worker job=pay order=ORD-77561 request=req-b78c36dc attempt=2 provider=payvault error='PaymentGatewayError: 401 Unauthorized (code=auth_token_expired)'
Traceback (most recent call last):
  File "/app/worker/payments.py", line 147, in capture
    resp = self.provider.charge(token=self.token, amount=amount)
           ^^^^^^^^^^^^^^^^^^^^^^^^^^^^^^^^^^^^^^^^^^^^^^^^^^^
  File "/app/worker/providers/payvault.py", line 61, in charge
    raise PaymentGatewayError(f"401 Unauthorized (code={code})")
worker.providers.payvault.PaymentGatewayError: 401 Unauthorized (code=auth_token_expired)
2025-04-18T14:49:24.110Z ERROR payment-worker job=pay order=ORD-77561 request=req-b78c36dc attempt=3 provider=payvault error='PaymentGatewayError: 401 Unauthorized (code=auth_token_expired)'
Traceback (most recent call last):
  File "/app/worker/payments.py", line 147, in capture
    resp = self.provider.charge(token=self.token, amount=amount)
           ^^^^^^^^^^^^^^^^^^^^^^^^^^^^^^^^^^^^^^^^^^^^^^^^^^^
  File "/app/worker/providers/payvault.py", line 61, in charge
    raise PaymentGatewayError(f"401 Unauthorized (code={code})")
worker.providers.payvault.PaymentGatewayError: 401 Unauthorized (code=auth_token_expired)
2025-04-18T14:49:24.753Z ERROR payment-worker job=pay order=ORD-77561 request=req-b78c36dc DEAD-LETTER after 3 attempts reason=PaymentGatewayError
2025-04-18T14:50:19.018Z ERROR payment-worker job=pay order=ORD-77562 request=req-381e074c attempt=1 provider=payvault error='PaymentGatewayError: 401 Unauthorized (code=auth_token_expired)'
Traceback (most recent call last):
  File "/app/worker/payments.py", line 147, in capture
    resp = self.provider.charge(token=self.token, amount=amount)
           ^^^^^^^^^^^^^^^^^^^^^^^^^^^^^^^^^^^^^^^^^^^^^^^^^^^
  File "/app/worker/providers/payvault.py", line 61, in charge
    raise PaymentGatewayError(f"401 Unauthorized (code={code})")
worker.providers.payvault.PaymentGatewayError: 401 Unauthorized (code=auth_token_expired)
2025-04-18T14:50:19.949Z ERROR payment-worker job=pay order=ORD-77562 request=req-381e074c attempt=2 provider=payvault error='PaymentGatewayError: 401 Unauthorized (code=auth_token_expired)'
Traceback (most recent call last):
  File "/app/worker/payments.py", line 147, in capture
    resp = self.provider.charge(token=self.token, amount=amount)
           ^^^^^^^^^^^^^^^^^^^^^^^^^^^^^^^^^^^^^^^^^^^^^^^^^^^
  File "/app/worker/providers/payvault.py", line 61, in charge
    raise PaymentGatewayError(f"401 Unauthorized (code={code})")
worker.providers.payvault.PaymentGatewayError: 401 Unauthorized (code=auth_token_expired)
2025-04-18T14:50:20.838Z ERROR payment-worker job=pay order=ORD-77562 request=req-381e074c attempt=3 provider=payvault error='PaymentGatewayError: 401 Unauthorized (code=auth_token_expired)'
Traceback (most recent call last):
  File "/app/worker/payments.py", line 147, in capture
    resp = self.provider.charge(token=self.token, amount=amount)
           ^^^^^^^^^^^^^^^^^^^^^^^^^^^^^^^^^^^^^^^^^^^^^^^^^^^
  File "/app/worker/providers/payvault.py", line 61, in charge
    raise PaymentGatewayError(f"401 Unauthorized (code={code})")
worker.providers.payvault.PaymentGatewayError: 401 Unauthorized (code=auth_token_expired)
2025-04-18T14:50:22.465Z ERROR payment-worker job=pay order=ORD-77562 request=req-381e074c DEAD-LETTER after 3 attempts reason=PaymentGatewayError
2025-04-18T14:51:14.539Z ERROR payment-worker job=pay order=ORD-77563 request=req-e15416e0 attempt=1 provider=payvault error='PaymentGatewayError: 401 Unauthorized (code=auth_token_expired)'
Traceback (most recent call last):
  File "/app/worker/payments.py", line 147, in capture
    resp = self.provider.charge(token=self.token, amount=amount)
           ^^^^^^^^^^^^^^^^^^^^^^^^^^^^^^^^^^^^^^^^^^^^^^^^^^^
  File "/app/worker/providers/payvault.py", line 61, in charge
    raise PaymentGatewayError(f"401 Unauthorized (code={code})")
worker.providers.payvault.PaymentGatewayError: 401 Unauthorized (code=auth_token_expired)
2025-04-18T14:51:15.380Z ERROR payment-worker job=pay order=ORD-77563 request=req-e15416e0 attempt=2 provider=payvault error='PaymentGatewayError: 401 Unauthorized (code=auth_token_expired)'
Traceback (most recent call last):
  File "/app/worker/payments.py", line 147, in capture
    resp = self.provider.charge(token=self.token, amount=amount)
           ^^^^^^^^^^^^^^^^^^^^^^^^^^^^^^^^^^^^^^^^^^^^^^^^^^^
  File "/app/worker/providers/payvault.py", line 61, in charge
    raise PaymentGatewayError(f"401 Unauthorized (code={code})")
worker.providers.payvault.PaymentGatewayError: 401 Unauthorized (code=auth_token_expired)
2025-04-18T14:51:16.285Z ERROR payment-worker job=pay order=ORD-77563 request=req-e15416e0 attempt=3 provider=payvault error='PaymentGatewayError: 401 Unauthorized (code=auth_token_expired)'
Traceback (most recent call last):
  File "/app/worker/payments.py", line 147, in capture
    resp = self.provider.charge(token=self.token, amount=amount)
           ^^^^^^^^^^^^^^^^^^^^^^^^^^^^^^^^^^^^^^^^^^^^^^^^^^^
  File "/app/worker/providers/payvault.py", line 61, in charge
    raise PaymentGatewayError(f"401 Unauthorized (code={code})")
worker.providers.payvault.PaymentGatewayError: 401 Unauthorized (code=auth_token_expired)
2025-04-18T14:51:17.652Z ERROR payment-worker job=pay order=ORD-77563 request=req-e15416e0 DEAD-LETTER after 3 attempts reason=PaymentGatewayError
2025-04-18T14:52:20.337Z ERROR payment-worker job=pay order=ORD-77564 request=req-be606e86 attempt=1 provider=payvault error='PaymentGatewayError: 401 Unauthorized (code=auth_token_expired)'
Traceback (most recent call last):
  File "/app/worker/payments.py", line 147, in capture
    resp = self.provider.charge(token=self.token, amount=amount)
           ^^^^^^^^^^^^^^^^^^^^^^^^^^^^^^^^^^^^^^^^^^^^^^^^^^^
  File "/app/worker/providers/payvault.py", line 61, in charge
    raise PaymentGatewayError(f"401 Unauthorized (code={code})")
worker.providers.payvault.PaymentGatewayError: 401 Unauthorized (code=auth_token_expired)
2025-04-18T14:52:21.047Z ERROR payment-worker job=pay order=ORD-77564 request=req-be606e86 attempt=2 provider=payvault error='PaymentGatewayError: 401 Unauthorized (code=auth_token_expired)'
Traceback (most recent call last):
  File "/app/worker/payments.py", line 147, in capture
    resp = self.provider.charge(token=self.token, amount=amount)
           ^^^^^^^^^^^^^^^^^^^^^^^^^^^^^^^^^^^^^^^^^^^^^^^^^^^
  File "/app/worker/providers/payvault.py", line 61, in charge
    raise PaymentGatewayError(f"401 Unauthorized (code={code})")
worker.providers.payvault.PaymentGatewayError: 401 Unauthorized (code=auth_token_expired)
2025-04-18T14:52:22.271Z ERROR payment-worker job=pay order=ORD-77564 request=req-be606e86 attempt=3 provider=payvault error='PaymentGatewayError: 401 Unauthorized (code=auth_token_expired)'
Traceback (most recent call last):
  File "/app/worker/payments.py", line 147, in capture
    resp = self.provider.charge(token=self.token, amount=amount)
           ^^^^^^^^^^^^^^^^^^^^^^^^^^^^^^^^^^^^^^^^^^^^^^^^^^^
  File "/app/worker/providers/payvault.py", line 61, in charge
    raise PaymentGatewayError(f"401 Unauthorized (code={code})")
worker.providers.payvault.PaymentGatewayError: 401 Unauthorized (code=auth_token_expired)
2025-04-18T14:52:23.090Z ERROR payment-worker job=pay order=ORD-77564 request=req-be606e86 DEAD-LETTER after 3 attempts reason=PaymentGatewayError
2025-04-18T14:53:30.297Z ERROR payment-worker job=pay order=ORD-77565 request=req-10fb1b66 attempt=1 provider=payvault error='PaymentGatewayError: 401 Unauthorized (code=auth_token_expired)'
Traceback (most recent call last):
  File "/app/worker/payments.py", line 147, in capture
    resp = self.provider.charge(token=self.token, amount=amount)
           ^^^^^^^^^^^^^^^^^^^^^^^^^^^^^^^^^^^^^^^^^^^^^^^^^^^
  File "/app/worker/providers/payvault.py", line 61, in charge
    raise PaymentGatewayError(f"401 Unauthorized (code={code})")
worker.providers.payvault.PaymentGatewayError: 401 Unauthorized (code=auth_token_expired)
2025-04-18T14:53:31.304Z ERROR payment-worker job=pay order=ORD-77565 request=req-10fb1b66 attempt=2 provider=payvault error='PaymentGatewayError: 401 Unauthorized (code=auth_token_expired)'
Traceback (most recent call last):
  File "/app/worker/payments.py", line 147, in capture
    resp = self.provider.charge(token=self.token, amount=amount)
           ^^^^^^^^^^^^^^^^^^^^^^^^^^^^^^^^^^^^^^^^^^^^^^^^^^^
  File "/app/worker/providers/payvault.py", line 61, in charge
    raise PaymentGatewayError(f"401 Unauthorized (code={code})")
worker.providers.payvault.PaymentGatewayError: 401 Unauthorized (code=auth_token_expired)
2025-04-18T14:53:31.723Z ERROR payment-worker job=pay order=ORD-77565 request=req-10fb1b66 attempt=3 provider=payvault error='PaymentGatewayError: 401 Unauthorized (code=auth_token_expired)'
Traceback (most recent call last):
  File "/app/worker/payments.py", line 147, in capture
    resp = self.provider.charge(token=self.token, amount=amount)
           ^^^^^^^^^^^^^^^^^^^^^^^^^^^^^^^^^^^^^^^^^^^^^^^^^^^
  File "/app/worker/providers/payvault.py", line 61, in charge
    raise PaymentGatewayError(f"401 Unauthorized (code={code})")
worker.providers.payvault.PaymentGatewayError: 401 Unauthorized (code=auth_token_expired)
2025-04-18T14:53:33.023Z ERROR payment-worker job=pay order=ORD-77565 request=req-10fb1b66 DEAD-LETTER after 3 attempts reason=PaymentGatewayError
2025-04-18T14:53:45.168Z ERROR payment-worker job=pay order=ORD-77559 request=req-7616c8e9 attempt=1 provider=payvault error='PaymentGatewayError: 401 Unauthorized (code=auth_token_expired)'
Traceback (most recent call last):
  File "/app/worker/payments.py", line 147, in capture
    resp = self.provider.charge(token=self.token, amount=amount)
           ^^^^^^^^^^^^^^^^^^^^^^^^^^^^^^^^^^^^^^^^^^^^^^^^^^^
  File "/app/worker/providers/payvault.py", line 61, in charge
    raise PaymentGatewayError(f"401 Unauthorized (code={code})")
worker.providers.payvault.PaymentGatewayError: 401 Unauthorized (code=auth_token_expired)
2025-04-18T14:53:46.224Z ERROR payment-worker job=pay order=ORD-77559 request=req-7616c8e9 attempt=2 provider=payvault error='PaymentGatewayError: 401 Unauthorized (code=auth_token_expired)'
Traceback (most recent call last):
  File "/app/worker/payments.py", line 147, in capture
    resp = self.provider.charge(token=self.token, amount=amount)
           ^^^^^^^^^^^^^^^^^^^^^^^^^^^^^^^^^^^^^^^^^^^^^^^^^^^
  File "/app/worker/providers/payvault.py", line 61, in charge
    raise PaymentGatewayError(f"401 Unauthorized (code={code})")
worker.providers.payvault.PaymentGatewayError: 401 Unauthorized (code=auth_token_expired)
2025-04-18T14:53:47.242Z ERROR payment-worker job=pay order=ORD-77559 request=req-7616c8e9 attempt=3 provider=payvault error='PaymentGatewayError: 401 Unauthorized (code=auth_token_expired)'
Traceback (most recent call last):
  File "/app/worker/payments.py", line 147, in capture
    resp = self.provider.charge(token=self.token, amount=amount)
           ^^^^^^^^^^^^^^^^^^^^^^^^^^^^^^^^^^^^^^^^^^^^^^^^^^^
  File "/app/worker/providers/payvault.py", line 61, in charge
    raise PaymentGatewayError(f"401 Unauthorized (code={code})")
worker.providers.payvault.PaymentGatewayError: 401 Unauthorized (code=auth_token_expired)
2025-04-18T14:53:48.519Z ERROR payment-worker job=pay order=ORD-77559 request=req-7616c8e9 DEAD-LETTER after 3 attempts reason=PaymentGatewayError
2025-04-18T14:54:15.038Z ERROR payment-worker job=pay order=ORD-77566 request=req-c2fad270 attempt=1 provider=payvault error='PaymentGatewayError: 401 Unauthorized (code=auth_token_expired)'
Traceback (most recent call last):
  File "/app/worker/payments.py", line 147, in capture
    resp = self.provider.charge(token=self.token, amount=amount)
           ^^^^^^^^^^^^^^^^^^^^^^^^^^^^^^^^^^^^^^^^^^^^^^^^^^^
  File "/app/worker/providers/payvault.py", line 61, in charge
    raise PaymentGatewayError(f"401 Unauthorized (code={code})")
worker.providers.payvault.PaymentGatewayError: 401 Unauthorized (code=auth_token_expired)
2025-04-18T14:54:16.100Z ERROR payment-worker job=pay order=ORD-77566 request=req-c2fad270 attempt=2 provider=payvault error='PaymentGatewayError: 401 Unauthorized (code=auth_token_expired)'
Traceback (most recent call last):
  File "/app/worker/payments.py", line 147, in capture
    resp = self.provider.charge(token=self.token, amount=amount)
           ^^^^^^^^^^^^^^^^^^^^^^^^^^^^^^^^^^^^^^^^^^^^^^^^^^^
  File "/app/worker/providers/payvault.py", line 61, in charge
    raise PaymentGatewayError(f"401 Unauthorized (code={code})")
worker.providers.payvault.PaymentGatewayError: 401 Unauthorized (code=auth_token_expired)
2025-04-18T14:54:16.728Z ERROR payment-worker job=pay order=ORD-77566 request=req-c2fad270 attempt=3 provider=payvault error='PaymentGatewayError: 401 Unauthorized (code=auth_token_expired)'
Traceback (most recent call last):
  File "/app/worker/payments.py", line 147, in capture
    resp = self.provider.charge(token=self.token, amount=amount)
           ^^^^^^^^^^^^^^^^^^^^^^^^^^^^^^^^^^^^^^^^^^^^^^^^^^^
  File "/app/worker/providers/payvault.py", line 61, in charge
    raise PaymentGatewayError(f"401 Unauthorized (code={code})")
worker.providers.payvault.PaymentGatewayError: 401 Unauthorized (code=auth_token_expired)
2025-04-18T14:54:18.062Z ERROR payment-worker job=pay order=ORD-77566 request=req-c2fad270 DEAD-LETTER after 3 attempts reason=PaymentGatewayError
2025-04-18T14:55:11.948Z ERROR payment-worker job=pay order=ORD-77567 request=req-d73d4eec attempt=1 provider=payvault error='PaymentGatewayError: 401 Unauthorized (code=auth_token_expired)'
Traceback (most recent call last):
  File "/app/worker/payments.py", line 147, in capture
    resp = self.provider.charge(token=self.token, amount=amount)
           ^^^^^^^^^^^^^^^^^^^^^^^^^^^^^^^^^^^^^^^^^^^^^^^^^^^
  File "/app/worker/providers/payvault.py", line 61, in charge
    raise PaymentGatewayError(f"401 Unauthorized (code={code})")
worker.providers.payvault.PaymentGatewayError: 401 Unauthorized (code=auth_token_expired)
2025-04-18T14:55:12.882Z ERROR payment-worker job=pay order=ORD-77567 request=req-d73d4eec attempt=2 provider=payvault error='PaymentGatewayError: 401 Unauthorized (code=auth_token_expired)'
Traceback (most recent call last):
  File "/app/worker/payments.py", line 147, in capture
    resp = self.provider.charge(token=self.token, amount=amount)
           ^^^^^^^^^^^^^^^^^^^^^^^^^^^^^^^^^^^^^^^^^^^^^^^^^^^
  File "/app/worker/providers/payvault.py", line 61, in charge
    raise PaymentGatewayError(f"401 Unauthorized (code={code})")
worker.providers.payvault.PaymentGatewayError: 401 Unauthorized (code=auth_token_expired)
2025-04-18T14:55:13.456Z ERROR payment-worker job=pay order=ORD-77567 request=req-d73d4eec attempt=3 provider=payvault error='PaymentGatewayError: 401 Unauthorized (code=auth_token_expired)'
Traceback (most recent call last):
  File "/app/worker/payments.py", line 147, in capture
    resp = self.provider.charge(token=self.token, amount=amount)
           ^^^^^^^^^^^^^^^^^^^^^^^^^^^^^^^^^^^^^^^^^^^^^^^^^^^
  File "/app/worker/providers/payvault.py", line 61, in charge
    raise PaymentGatewayError(f"401 Unauthorized (code={code})")
worker.providers.payvault.PaymentGatewayError: 401 Unauthorized (code=auth_token_expired)
2025-04-18T14:55:15.204Z ERROR payment-worker job=pay order=ORD-77567 request=req-d73d4eec DEAD-LETTER after 3 attempts reason=PaymentGatewayError
2025-04-18T14:56:26.134Z ERROR payment-worker job=pay order=ORD-77568 request=req-458da66b attempt=1 provider=payvault error='PaymentGatewayError: 401 Unauthorized (code=auth_token_expired)'
Traceback (most recent call last):
  File "/app/worker/payments.py", line 147, in capture
    resp = self.provider.charge(token=self.token, amount=amount)
           ^^^^^^^^^^^^^^^^^^^^^^^^^^^^^^^^^^^^^^^^^^^^^^^^^^^
  File "/app/worker/providers/payvault.py", line 61, in charge
    raise PaymentGatewayError(f"401 Unauthorized (code={code})")
worker.providers.payvault.PaymentGatewayError: 401 Unauthorized (code=auth_token_expired)
2025-04-18T14:56:26.992Z ERROR payment-worker job=pay order=ORD-77568 request=req-458da66b attempt=2 provider=payvault error='PaymentGatewayError: 401 Unauthorized (code=auth_token_expired)'
Traceback (most recent call last):
  File "/app/worker/payments.py", line 147, in capture
    resp = self.provider.charge(token=self.token, amount=amount)
           ^^^^^^^^^^^^^^^^^^^^^^^^^^^^^^^^^^^^^^^^^^^^^^^^^^^
  File "/app/worker/providers/payvault.py", line 61, in charge
    raise PaymentGatewayError(f"401 Unauthorized (code={code})")
worker.providers.payvault.PaymentGatewayError: 401 Unauthorized (code=auth_token_expired)
2025-04-18T14:56:27.564Z ERROR payment-worker job=pay order=ORD-77568 request=req-458da66b attempt=3 provider=payvault error='PaymentGatewayError: 401 Unauthorized (code=auth_token_expired)'
Traceback (most recent call last):
  File "/app/worker/payments.py", line 147, in capture
    resp = self.provider.charge(token=self.token, amount=amount)
           ^^^^^^^^^^^^^^^^^^^^^^^^^^^^^^^^^^^^^^^^^^^^^^^^^^^
  File "/app/worker/providers/payvault.py", line 61, in charge
    raise PaymentGatewayError(f"401 Unauthorized (code={code})")
worker.providers.payvault.PaymentGatewayError: 401 Unauthorized (code=auth_token_expired)
2025-04-18T14:56:28.864Z ERROR payment-worker job=pay order=ORD-77568 request=req-458da66b DEAD-LETTER after 3 attempts reason=PaymentGatewayError
2025-04-18T14:56:58.052Z ERROR payment-worker job=pay order=ORD-77562 request=req-f28816b2 attempt=1 provider=payvault error='PaymentGatewayError: 401 Unauthorized (code=auth_token_expired)'
Traceback (most recent call last):
  File "/app/worker/payments.py", line 147, in capture
    resp = self.provider.charge(token=self.token, amount=amount)
           ^^^^^^^^^^^^^^^^^^^^^^^^^^^^^^^^^^^^^^^^^^^^^^^^^^^
  File "/app/worker/providers/payvault.py", line 61, in charge
    raise PaymentGatewayError(f"401 Unauthorized (code={code})")
worker.providers.payvault.PaymentGatewayError: 401 Unauthorized (code=auth_token_expired)
2025-04-18T14:56:59.000Z ERROR payment-worker job=pay order=ORD-77562 request=req-f28816b2 attempt=2 provider=payvault error='PaymentGatewayError: 401 Unauthorized (code=auth_token_expired)'
Traceback (most recent call last):
  File "/app/worker/payments.py", line 147, in capture
    resp = self.provider.charge(token=self.token, amount=amount)
           ^^^^^^^^^^^^^^^^^^^^^^^^^^^^^^^^^^^^^^^^^^^^^^^^^^^
  File "/app/worker/providers/payvault.py", line 61, in charge
    raise PaymentGatewayError(f"401 Unauthorized (code={code})")
worker.providers.payvault.PaymentGatewayError: 401 Unauthorized (code=auth_token_expired)
2025-04-18T14:56:59.664Z ERROR payment-worker job=pay order=ORD-77562 request=req-f28816b2 attempt=3 provider=payvault error='PaymentGatewayError: 401 Unauthorized (code=auth_token_expired)'
Traceback (most recent call last):
  File "/app/worker/payments.py", line 147, in capture
    resp = self.provider.charge(token=self.token, amount=amount)
           ^^^^^^^^^^^^^^^^^^^^^^^^^^^^^^^^^^^^^^^^^^^^^^^^^^^
  File "/app/worker/providers/payvault.py", line 61, in charge
    raise PaymentGatewayError(f"401 Unauthorized (code={code})")
worker.providers.payvault.PaymentGatewayError: 401 Unauthorized (code=auth_token_expired)
2025-04-18T14:57:01.463Z ERROR payment-worker job=pay order=ORD-77562 request=req-f28816b2 DEAD-LETTER after 3 attempts reason=PaymentGatewayError
2025-04-18T14:57:12.140Z ERROR payment-worker job=pay order=ORD-77569 request=req-b9aa0026 attempt=1 provider=payvault error='PaymentGatewayError: 401 Unauthorized (code=auth_token_expired)'
Traceback (most recent call last):
  File "/app/worker/payments.py", line 147, in capture
    resp = self.provider.charge(token=self.token, amount=amount)
           ^^^^^^^^^^^^^^^^^^^^^^^^^^^^^^^^^^^^^^^^^^^^^^^^^^^
  File "/app/worker/providers/payvault.py", line 61, in charge
    raise PaymentGatewayError(f"401 Unauthorized (code={code})")
worker.providers.payvault.PaymentGatewayError: 401 Unauthorized (code=auth_token_expired)
2025-04-18T14:57:13.092Z ERROR payment-worker job=pay order=ORD-77569 request=req-b9aa0026 attempt=2 provider=payvault error='PaymentGatewayError: 401 Unauthorized (code=auth_token_expired)'
Traceback (most recent call last):
  File "/app/worker/payments.py", line 147, in capture
    resp = self.provider.charge(token=self.token, amount=amount)
           ^^^^^^^^^^^^^^^^^^^^^^^^^^^^^^^^^^^^^^^^^^^^^^^^^^^
  File "/app/worker/providers/payvault.py", line 61, in charge
    raise PaymentGatewayError(f"401 Unauthorized (code={code})")
worker.providers.payvault.PaymentGatewayError: 401 Unauthorized (code=auth_token_expired)
2025-04-18T14:57:13.554Z ERROR payment-worker job=pay order=ORD-77569 request=req-b9aa0026 attempt=3 provider=payvault error='PaymentGatewayError: 401 Unauthorized (code=auth_token_expired)'
Traceback (most recent call last):
  File "/app/worker/payments.py", line 147, in capture
    resp = self.provider.charge(token=self.token, amount=amount)
           ^^^^^^^^^^^^^^^^^^^^^^^^^^^^^^^^^^^^^^^^^^^^^^^^^^^
  File "/app/worker/providers/payvault.py", line 61, in charge
    raise PaymentGatewayError(f"401 Unauthorized (code={code})")
worker.providers.payvault.PaymentGatewayError: 401 Unauthorized (code=auth_token_expired)
2025-04-18T14:57:15.203Z ERROR payment-worker job=pay order=ORD-77569 request=req-b9aa0026 DEAD-LETTER after 3 attempts reason=PaymentGatewayError
2025-04-18T14:58:14.474Z ERROR payment-worker job=pay order=ORD-77570 request=req-50db8d21 attempt=1 provider=payvault error='PaymentGatewayError: 401 Unauthorized (code=auth_token_expired)'
Traceback (most recent call last):
  File "/app/worker/payments.py", line 147, in capture
    resp = self.provider.charge(token=self.token, amount=amount)
           ^^^^^^^^^^^^^^^^^^^^^^^^^^^^^^^^^^^^^^^^^^^^^^^^^^^
  File "/app/worker/providers/payvault.py", line 61, in charge
    raise PaymentGatewayError(f"401 Unauthorized (code={code})")
worker.providers.payvault.PaymentGatewayError: 401 Unauthorized (code=auth_token_expired)
2025-04-18T14:58:15.630Z ERROR payment-worker job=pay order=ORD-77570 request=req-50db8d21 attempt=2 provider=payvault error='PaymentGatewayError: 401 Unauthorized (code=auth_token_expired)'
Traceback (most recent call last):
  File "/app/worker/payments.py", line 147, in capture
    resp = self.provider.charge(token=self.token, amount=amount)
           ^^^^^^^^^^^^^^^^^^^^^^^^^^^^^^^^^^^^^^^^^^^^^^^^^^^
  File "/app/worker/providers/payvault.py", line 61, in charge
    raise PaymentGatewayError(f"401 Unauthorized (code={code})")
worker.providers.payvault.PaymentGatewayError: 401 Unauthorized (code=auth_token_expired)
2025-04-18T14:58:16.474Z ERROR payment-worker job=pay order=ORD-77570 request=req-50db8d21 attempt=3 provider=payvault error='PaymentGatewayError: 401 Unauthorized (code=auth_token_expired)'
Traceback (most recent call last):
  File "/app/worker/payments.py", line 147, in capture
    resp = self.provider.charge(token=self.token, amount=amount)
           ^^^^^^^^^^^^^^^^^^^^^^^^^^^^^^^^^^^^^^^^^^^^^^^^^^^
  File "/app/worker/providers/payvault.py", line 61, in charge
    raise PaymentGatewayError(f"401 Unauthorized (code={code})")
worker.providers.payvault.PaymentGatewayError: 401 Unauthorized (code=auth_token_expired)
2025-04-18T14:58:17.509Z ERROR payment-worker job=pay order=ORD-77570 request=req-50db8d21 DEAD-LETTER after 3 attempts reason=PaymentGatewayError
2025-04-18T14:59:01.560Z ERROR payment-worker job=pay order=ORD-77571 request=req-43b5b95b attempt=1 provider=payvault error='PaymentGatewayError: 401 Unauthorized (code=auth_token_expired)'
Traceback (most recent call last):
  File "/app/worker/payments.py", line 147, in capture
    resp = self.provider.charge(token=self.token, amount=amount)
           ^^^^^^^^^^^^^^^^^^^^^^^^^^^^^^^^^^^^^^^^^^^^^^^^^^^
  File "/app/worker/providers/payvault.py", line 61, in charge
    raise PaymentGatewayError(f"401 Unauthorized (code={code})")
worker.providers.payvault.PaymentGatewayError: 401 Unauthorized (code=auth_token_expired)
2025-04-18T14:59:02.613Z ERROR payment-worker job=pay order=ORD-77571 request=req-43b5b95b attempt=2 provider=payvault error='PaymentGatewayError: 401 Unauthorized (code=auth_token_expired)'
Traceback (most recent call last):
  File "/app/worker/payments.py", line 147, in capture
    resp = self.provider.charge(token=self.token, amount=amount)
           ^^^^^^^^^^^^^^^^^^^^^^^^^^^^^^^^^^^^^^^^^^^^^^^^^^^
  File "/app/worker/providers/payvault.py", line 61, in charge
    raise PaymentGatewayError(f"401 Unauthorized (code={code})")
worker.providers.payvault.PaymentGatewayError: 401 Unauthorized (code=auth_token_expired)
2025-04-18T14:59:03.046Z ERROR payment-worker job=pay order=ORD-77571 request=req-43b5b95b attempt=3 provider=payvault error='PaymentGatewayError: 401 Unauthorized (code=auth_token_expired)'
Traceback (most recent call last):
  File "/app/worker/payments.py", line 147, in capture
    resp = self.provider.charge(token=self.token, amount=amount)
           ^^^^^^^^^^^^^^^^^^^^^^^^^^^^^^^^^^^^^^^^^^^^^^^^^^^
  File "/app/worker/providers/payvault.py", line 61, in charge
    raise PaymentGatewayError(f"401 Unauthorized (code={code})")
worker.providers.payvault.PaymentGatewayError: 401 Unauthorized (code=auth_token_expired)
2025-04-18T14:59:04.182Z ERROR payment-worker job=pay order=ORD-77571 request=req-43b5b95b DEAD-LETTER after 3 attempts reason=PaymentGatewayError
2025-04-18T15:00:24.617Z ERROR payment-worker job=pay order=ORD-77572 request=req-1869e04d attempt=1 provider=payvault error='PaymentGatewayError: 401 Unauthorized (code=auth_token_expired)'
Traceback (most recent call last):
  File "/app/worker/payments.py", line 147, in capture
    resp = self.provider.charge(token=self.token, amount=amount)
           ^^^^^^^^^^^^^^^^^^^^^^^^^^^^^^^^^^^^^^^^^^^^^^^^^^^
  File "/app/worker/providers/payvault.py", line 61, in charge
    raise PaymentGatewayError(f"401 Unauthorized (code={code})")
worker.providers.payvault.PaymentGatewayError: 401 Unauthorized (code=auth_token_expired)
2025-04-18T15:00:25.482Z ERROR payment-worker job=pay order=ORD-77572 request=req-1869e04d attempt=2 provider=payvault error='PaymentGatewayError: 401 Unauthorized (code=auth_token_expired)'
Traceback (most recent call last):
  File "/app/worker/payments.py", line 147, in capture
    resp = self.provider.charge(token=self.token, amount=amount)
           ^^^^^^^^^^^^^^^^^^^^^^^^^^^^^^^^^^^^^^^^^^^^^^^^^^^
  File "/app/worker/providers/payvault.py", line 61, in charge
    raise PaymentGatewayError(f"401 Unauthorized (code={code})")
worker.providers.payvault.PaymentGatewayError: 401 Unauthorized (code=auth_token_expired)
2025-04-18T15:00:26.217Z ERROR payment-worker job=pay order=ORD-77572 request=req-1869e04d attempt=3 provider=payvault error='PaymentGatewayError: 401 Unauthorized (code=auth_token_expired)'
Traceback (most recent call last):
  File "/app/worker/payments.py", line 147, in capture
    resp = self.provider.charge(token=self.token, amount=amount)
           ^^^^^^^^^^^^^^^^^^^^^^^^^^^^^^^^^^^^^^^^^^^^^^^^^^^
  File "/app/worker/providers/payvault.py", line 61, in charge
    raise PaymentGatewayError(f"401 Unauthorized (code={code})")
worker.providers.payvault.PaymentGatewayError: 401 Unauthorized (code=auth_token_expired)
2025-04-18T15:00:27.245Z ERROR payment-worker job=pay order=ORD-77572 request=req-1869e04d DEAD-LETTER after 3 attempts reason=PaymentGatewayError
2025-04-18T15:01:05.349Z ERROR payment-worker job=pay order=ORD-77573 request=req-7b95532e attempt=1 provider=payvault error='PaymentGatewayError: 401 Unauthorized (code=auth_token_expired)'
Traceback (most recent call last):
  File "/app/worker/payments.py", line 147, in capture
    resp = self.provider.charge(token=self.token, amount=amount)
           ^^^^^^^^^^^^^^^^^^^^^^^^^^^^^^^^^^^^^^^^^^^^^^^^^^^
  File "/app/worker/providers/payvault.py", line 61, in charge
    raise PaymentGatewayError(f"401 Unauthorized (code={code})")
worker.providers.payvault.PaymentGatewayError: 401 Unauthorized (code=auth_token_expired)
2025-04-18T15:01:06.207Z ERROR payment-worker job=pay order=ORD-77573 request=req-7b95532e attempt=2 provider=payvault error='PaymentGatewayError: 401 Unauthorized (code=auth_token_expired)'
Traceback (most recent call last):
  File "/app/worker/payments.py", line 147, in capture
    resp = self.provider.charge(token=self.token, amount=amount)
           ^^^^^^^^^^^^^^^^^^^^^^^^^^^^^^^^^^^^^^^^^^^^^^^^^^^
  File "/app/worker/providers/payvault.py", line 61, in charge
    raise PaymentGatewayError(f"401 Unauthorized (code={code})")
worker.providers.payvault.PaymentGatewayError: 401 Unauthorized (code=auth_token_expired)
2025-04-18T15:01:06.991Z ERROR payment-worker job=pay order=ORD-77573 request=req-7b95532e attempt=3 provider=payvault error='PaymentGatewayError: 401 Unauthorized (code=auth_token_expired)'
Traceback (most recent call last):
  File "/app/worker/payments.py", line 147, in capture
    resp = self.provider.charge(token=self.token, amount=amount)
           ^^^^^^^^^^^^^^^^^^^^^^^^^^^^^^^^^^^^^^^^^^^^^^^^^^^
  File "/app/worker/providers/payvault.py", line 61, in charge
    raise PaymentGatewayError(f"401 Unauthorized (code={code})")
worker.providers.payvault.PaymentGatewayError: 401 Unauthorized (code=auth_token_expired)
2025-04-18T15:01:07.967Z ERROR payment-worker job=pay order=ORD-77573 request=req-7b95532e DEAD-LETTER after 3 attempts reason=PaymentGatewayError
2025-04-18T15:02:09.999Z ERROR payment-worker job=pay order=ORD-77574 request=req-a20796ff attempt=1 provider=payvault error='PaymentGatewayError: 401 Unauthorized (code=auth_token_expired)'
Traceback (most recent call last):
  File "/app/worker/payments.py", line 147, in capture
    resp = self.provider.charge(token=self.token, amount=amount)
           ^^^^^^^^^^^^^^^^^^^^^^^^^^^^^^^^^^^^^^^^^^^^^^^^^^^
  File "/app/worker/providers/payvault.py", line 61, in charge
    raise PaymentGatewayError(f"401 Unauthorized (code={code})")
worker.providers.payvault.PaymentGatewayError: 401 Unauthorized (code=auth_token_expired)
2025-04-18T15:02:11.050Z ERROR payment-worker job=pay order=ORD-77574 request=req-a20796ff attempt=2 provider=payvault error='PaymentGatewayError: 401 Unauthorized (code=auth_token_expired)'
Traceback (most recent call last):
  File "/app/worker/payments.py", line 147, in capture
    resp = self.provider.charge(token=self.token, amount=amount)
           ^^^^^^^^^^^^^^^^^^^^^^^^^^^^^^^^^^^^^^^^^^^^^^^^^^^
  File "/app/worker/providers/payvault.py", line 61, in charge
    raise PaymentGatewayError(f"401 Unauthorized (code={code})")
worker.providers.payvault.PaymentGatewayError: 401 Unauthorized (code=auth_token_expired)
2025-04-18T15:02:12.225Z ERROR payment-worker job=pay order=ORD-77574 request=req-a20796ff attempt=3 provider=payvault error='PaymentGatewayError: 401 Unauthorized (code=auth_token_expired)'
Traceback (most recent call last):
  File "/app/worker/payments.py", line 147, in capture
    resp = self.provider.charge(token=self.token, amount=amount)
           ^^^^^^^^^^^^^^^^^^^^^^^^^^^^^^^^^^^^^^^^^^^^^^^^^^^
  File "/app/worker/providers/payvault.py", line 61, in charge
    raise PaymentGatewayError(f"401 Unauthorized (code={code})")
worker.providers.payvault.PaymentGatewayError: 401 Unauthorized (code=auth_token_expired)
2025-04-18T15:02:12.874Z ERROR payment-worker job=pay order=ORD-77574 request=req-a20796ff DEAD-LETTER after 3 attempts reason=PaymentGatewayError
2025-04-18T15:03:06.279Z ERROR payment-worker job=pay order=ORD-77570 request=req-1654573a attempt=1 provider=payvault error='PaymentGatewayError: 401 Unauthorized (code=auth_token_expired)'
Traceback (most recent call last):
  File "/app/worker/payments.py", line 147, in capture
    resp = self.provider.charge(token=self.token, amount=amount)
           ^^^^^^^^^^^^^^^^^^^^^^^^^^^^^^^^^^^^^^^^^^^^^^^^^^^
  File "/app/worker/providers/payvault.py", line 61, in charge
    raise PaymentGatewayError(f"401 Unauthorized (code={code})")
worker.providers.payvault.PaymentGatewayError: 401 Unauthorized (code=auth_token_expired)
2025-04-18T15:03:07.293Z ERROR payment-worker job=pay order=ORD-77570 request=req-1654573a attempt=2 provider=payvault error='PaymentGatewayError: 401 Unauthorized (code=auth_token_expired)'
Traceback (most recent call last):
  File "/app/worker/payments.py", line 147, in capture
    resp = self.provider.charge(token=self.token, amount=amount)
           ^^^^^^^^^^^^^^^^^^^^^^^^^^^^^^^^^^^^^^^^^^^^^^^^^^^
  File "/app/worker/providers/payvault.py", line 61, in charge
    raise PaymentGatewayError(f"401 Unauthorized (code={code})")
worker.providers.payvault.PaymentGatewayError: 401 Unauthorized (code=auth_token_expired)
2025-04-18T15:03:07.825Z ERROR payment-worker job=pay order=ORD-77570 request=req-1654573a attempt=3 provider=payvault error='PaymentGatewayError: 401 Unauthorized (code=auth_token_expired)'
Traceback (most recent call last):
  File "/app/worker/payments.py", line 147, in capture
    resp = self.provider.charge(token=self.token, amount=amount)
           ^^^^^^^^^^^^^^^^^^^^^^^^^^^^^^^^^^^^^^^^^^^^^^^^^^^
  File "/app/worker/providers/payvault.py", line 61, in charge
    raise PaymentGatewayError(f"401 Unauthorized (code={code})")
worker.providers.payvault.PaymentGatewayError: 401 Unauthorized (code=auth_token_expired)
2025-04-18T15:03:09.782Z ERROR payment-worker job=pay order=ORD-77570 request=req-1654573a DEAD-LETTER after 3 attempts reason=PaymentGatewayError
2025-04-18T15:03:29.069Z ERROR payment-worker job=pay order=ORD-77575 request=req-45687fb1 attempt=1 provider=payvault error='PaymentGatewayError: 401 Unauthorized (code=auth_token_expired)'
Traceback (most recent call last):
  File "/app/worker/payments.py", line 147, in capture
    resp = self.provider.charge(token=self.token, amount=amount)
           ^^^^^^^^^^^^^^^^^^^^^^^^^^^^^^^^^^^^^^^^^^^^^^^^^^^
  File "/app/worker/providers/payvault.py", line 61, in charge
    raise PaymentGatewayError(f"401 Unauthorized (code={code})")
worker.providers.payvault.PaymentGatewayError: 401 Unauthorized (code=auth_token_expired)
2025-04-18T15:03:30.032Z ERROR payment-worker job=pay order=ORD-77575 request=req-45687fb1 attempt=2 provider=payvault error='PaymentGatewayError: 401 Unauthorized (code=auth_token_expired)'
Traceback (most recent call last):
  File "/app/worker/payments.py", line 147, in capture
    resp = self.provider.charge(token=self.token, amount=amount)
           ^^^^^^^^^^^^^^^^^^^^^^^^^^^^^^^^^^^^^^^^^^^^^^^^^^^
  File "/app/worker/providers/payvault.py", line 61, in charge
    raise PaymentGatewayError(f"401 Unauthorized (code={code})")
worker.providers.payvault.PaymentGatewayError: 401 Unauthorized (code=auth_token_expired)
2025-04-18T15:03:31.223Z ERROR payment-worker job=pay order=ORD-77575 request=req-45687fb1 attempt=3 provider=payvault error='PaymentGatewayError: 401 Unauthorized (code=auth_token_expired)'
Traceback (most recent call last):
  File "/app/worker/payments.py", line 147, in capture
    resp = self.provider.charge(token=self.token, amount=amount)
           ^^^^^^^^^^^^^^^^^^^^^^^^^^^^^^^^^^^^^^^^^^^^^^^^^^^
  File "/app/worker/providers/payvault.py", line 61, in charge
    raise PaymentGatewayError(f"401 Unauthorized (code={code})")
worker.providers.payvault.PaymentGatewayError: 401 Unauthorized (code=auth_token_expired)
2025-04-18T15:03:31.723Z ERROR payment-worker job=pay order=ORD-77575 request=req-45687fb1 DEAD-LETTER after 3 attempts reason=PaymentGatewayError
2025-04-18T15:04:09.866Z ERROR payment-worker job=pay order=ORD-77576 request=req-60fd693d attempt=1 provider=payvault error='PaymentGatewayError: 401 Unauthorized (code=auth_token_expired)'
Traceback (most recent call last):
  File "/app/worker/payments.py", line 147, in capture
    resp = self.provider.charge(token=self.token, amount=amount)
           ^^^^^^^^^^^^^^^^^^^^^^^^^^^^^^^^^^^^^^^^^^^^^^^^^^^
  File "/app/worker/providers/payvault.py", line 61, in charge
    raise PaymentGatewayError(f"401 Unauthorized (code={code})")
worker.providers.payvault.PaymentGatewayError: 401 Unauthorized (code=auth_token_expired)
2025-04-18T15:04:11.029Z ERROR payment-worker job=pay order=ORD-77576 request=req-60fd693d attempt=2 provider=payvault error='PaymentGatewayError: 401 Unauthorized (code=auth_token_expired)'
Traceback (most recent call last):
  File "/app/worker/payments.py", line 147, in capture
    resp = self.provider.charge(token=self.token, amount=amount)
           ^^^^^^^^^^^^^^^^^^^^^^^^^^^^^^^^^^^^^^^^^^^^^^^^^^^
  File "/app/worker/providers/payvault.py", line 61, in charge
    raise PaymentGatewayError(f"401 Unauthorized (code={code})")
worker.providers.payvault.PaymentGatewayError: 401 Unauthorized (code=auth_token_expired)
2025-04-18T15:04:11.368Z ERROR payment-worker job=pay order=ORD-77576 request=req-60fd693d attempt=3 provider=payvault error='PaymentGatewayError: 401 Unauthorized (code=auth_token_expired)'
Traceback (most recent call last):
  File "/app/worker/payments.py", line 147, in capture
    resp = self.provider.charge(token=self.token, amount=amount)
           ^^^^^^^^^^^^^^^^^^^^^^^^^^^^^^^^^^^^^^^^^^^^^^^^^^^
  File "/app/worker/providers/payvault.py", line 61, in charge
    raise PaymentGatewayError(f"401 Unauthorized (code={code})")
worker.providers.payvault.PaymentGatewayError: 401 Unauthorized (code=auth_token_expired)
2025-04-18T15:04:12.621Z ERROR payment-worker job=pay order=ORD-77576 request=req-60fd693d DEAD-LETTER after 3 attempts reason=PaymentGatewayError
2025-04-18T15:05:07.790Z ERROR payment-worker job=pay order=ORD-77577 request=req-eced8e87 attempt=1 provider=payvault error='PaymentGatewayError: 401 Unauthorized (code=auth_token_expired)'
Traceback (most recent call last):
  File "/app/worker/payments.py", line 147, in capture
    resp = self.provider.charge(token=self.token, amount=amount)
           ^^^^^^^^^^^^^^^^^^^^^^^^^^^^^^^^^^^^^^^^^^^^^^^^^^^
  File "/app/worker/providers/payvault.py", line 61, in charge
    raise PaymentGatewayError(f"401 Unauthorized (code={code})")
worker.providers.payvault.PaymentGatewayError: 401 Unauthorized (code=auth_token_expired)
2025-04-18T15:05:08.777Z ERROR payment-worker job=pay order=ORD-77577 request=req-eced8e87 attempt=2 provider=payvault error='PaymentGatewayError: 401 Unauthorized (code=auth_token_expired)'
Traceback (most recent call last):
  File "/app/worker/payments.py", line 147, in capture
    resp = self.provider.charge(token=self.token, amount=amount)
           ^^^^^^^^^^^^^^^^^^^^^^^^^^^^^^^^^^^^^^^^^^^^^^^^^^^
  File "/app/worker/providers/payvault.py", line 61, in charge
    raise PaymentGatewayError(f"401 Unauthorized (code={code})")
worker.providers.payvault.PaymentGatewayError: 401 Unauthorized (code=auth_token_expired)
2025-04-18T15:05:09.824Z ERROR payment-worker job=pay order=ORD-77577 request=req-eced8e87 attempt=3 provider=payvault error='PaymentGatewayError: 401 Unauthorized (code=auth_token_expired)'
Traceback (most recent call last):
  File "/app/worker/payments.py", line 147, in capture
    resp = self.provider.charge(token=self.token, amount=amount)
           ^^^^^^^^^^^^^^^^^^^^^^^^^^^^^^^^^^^^^^^^^^^^^^^^^^^
  File "/app/worker/providers/payvault.py", line 61, in charge
    raise PaymentGatewayError(f"401 Unauthorized (code={code})")
worker.providers.payvault.PaymentGatewayError: 401 Unauthorized (code=auth_token_expired)
2025-04-18T15:05:10.639Z ERROR payment-worker job=pay order=ORD-77577 request=req-eced8e87 DEAD-LETTER after 3 attempts reason=PaymentGatewayError
2025-04-18T15:06:12.523Z ERROR payment-worker job=pay order=ORD-77578 request=req-1db724a6 attempt=1 provider=payvault error='PaymentGatewayError: 401 Unauthorized (code=auth_token_expired)'
Traceback (most recent call last):
  File "/app/worker/payments.py", line 147, in capture
    resp = self.provider.charge(token=self.token, amount=amount)
           ^^^^^^^^^^^^^^^^^^^^^^^^^^^^^^^^^^^^^^^^^^^^^^^^^^^
  File "/app/worker/providers/payvault.py", line 61, in charge
    raise PaymentGatewayError(f"401 Unauthorized (code={code})")
worker.providers.payvault.PaymentGatewayError: 401 Unauthorized (code=auth_token_expired)
2025-04-18T15:06:13.720Z ERROR payment-worker job=pay order=ORD-77578 request=req-1db724a6 attempt=2 provider=payvault error='PaymentGatewayError: 401 Unauthorized (code=auth_token_expired)'
Traceback (most recent call last):
  File "/app/worker/payments.py", line 147, in capture
    resp = self.provider.charge(token=self.token, amount=amount)
           ^^^^^^^^^^^^^^^^^^^^^^^^^^^^^^^^^^^^^^^^^^^^^^^^^^^
  File "/app/worker/providers/payvault.py", line 61, in charge
    raise PaymentGatewayError(f"401 Unauthorized (code={code})")
worker.providers.payvault.PaymentGatewayError: 401 Unauthorized (code=auth_token_expired)
2025-04-18T15:06:14.703Z ERROR payment-worker job=pay order=ORD-77578 request=req-1db724a6 attempt=3 provider=payvault error='PaymentGatewayError: 401 Unauthorized (code=auth_token_expired)'
Traceback (most recent call last):
  File "/app/worker/payments.py", line 147, in capture
    resp = self.provider.charge(token=self.token, amount=amount)
           ^^^^^^^^^^^^^^^^^^^^^^^^^^^^^^^^^^^^^^^^^^^^^^^^^^^
  File "/app/worker/providers/payvault.py", line 61, in charge
    raise PaymentGatewayError(f"401 Unauthorized (code={code})")
worker.providers.payvault.PaymentGatewayError: 401 Unauthorized (code=auth_token_expired)
2025-04-18T15:06:15.734Z ERROR payment-worker job=pay order=ORD-77578 request=req-1db724a6 DEAD-LETTER after 3 attempts reason=PaymentGatewayError
2025-04-18T15:07:11.613Z ERROR payment-worker job=pay order=ORD-77579 request=req-d9a909d5 attempt=1 provider=payvault error='PaymentGatewayError: 401 Unauthorized (code=auth_token_expired)'
Traceback (most recent call last):
  File "/app/worker/payments.py", line 147, in capture
    resp = self.provider.charge(token=self.token, amount=amount)
           ^^^^^^^^^^^^^^^^^^^^^^^^^^^^^^^^^^^^^^^^^^^^^^^^^^^
  File "/app/worker/providers/payvault.py", line 61, in charge
    raise PaymentGatewayError(f"401 Unauthorized (code={code})")
worker.providers.payvault.PaymentGatewayError: 401 Unauthorized (code=auth_token_expired)
2025-04-18T15:07:12.465Z ERROR payment-worker job=pay order=ORD-77579 request=req-d9a909d5 attempt=2 provider=payvault error='PaymentGatewayError: 401 Unauthorized (code=auth_token_expired)'
Traceback (most recent call last):
  File "/app/worker/payments.py", line 147, in capture
    resp = self.provider.charge(token=self.token, amount=amount)
           ^^^^^^^^^^^^^^^^^^^^^^^^^^^^^^^^^^^^^^^^^^^^^^^^^^^
  File "/app/worker/providers/payvault.py", line 61, in charge
    raise PaymentGatewayError(f"401 Unauthorized (code={code})")
worker.providers.payvault.PaymentGatewayError: 401 Unauthorized (code=auth_token_expired)
2025-04-18T15:07:13.837Z ERROR payment-worker job=pay order=ORD-77579 request=req-d9a909d5 attempt=3 provider=payvault error='PaymentGatewayError: 401 Unauthorized (code=auth_token_expired)'
Traceback (most recent call last):
  File "/app/worker/payments.py", line 147, in capture
    resp = self.provider.charge(token=self.token, amount=amount)
           ^^^^^^^^^^^^^^^^^^^^^^^^^^^^^^^^^^^^^^^^^^^^^^^^^^^
  File "/app/worker/providers/payvault.py", line 61, in charge
    raise PaymentGatewayError(f"401 Unauthorized (code={code})")
worker.providers.payvault.PaymentGatewayError: 401 Unauthorized (code=auth_token_expired)
2025-04-18T15:07:14.671Z ERROR payment-worker job=pay order=ORD-77579 request=req-d9a909d5 DEAD-LETTER after 3 attempts reason=PaymentGatewayError
2025-04-18T15:08:01.412Z INFO  payment-worker config reloaded from /etc/payment-worker/config.yaml (deploy=dep-20250418-d) keys=['PAYVAULT_API_TOKEN', 'PAYVAULT_ENDPOINT'] — 1 key changed
2025-04-18T15:08:05.979Z INFO  payment-worker job=pay order=ORD-77580 request=req-9f4d8b73 attempt=1 provider=payvault status=captured latency_ms=710 txn=tx_0e0eba
2025-04-18T15:09:21.039Z INFO  payment-worker job=pay order=ORD-77581 request=req-0ba64626 attempt=1 provider=payvault status=captured latency_ms=784 txn=tx_655de0
2025-04-18T15:10:37.043Z INFO  payment-worker job=pay order=ORD-77582 request=req-37382ea4 attempt=1 provider=payvault status=captured latency_ms=1323 txn=tx_99afe8
2025-04-18T15:12:01.652Z INFO  payment-worker job=pay order=ORD-77583 request=req-6dc932e5 attempt=1 provider=payvault status=captured latency_ms=1106 txn=tx_ce217b
2025-04-18T15:13:04.337Z INFO  payment-worker job=pay order=ORD-77584 request=req-d3e181ba attempt=1 provider=payvault status=captured latency_ms=737 txn=tx_1af035
2025-04-18T15:14:20.273Z INFO  payment-worker job=pay order=ORD-77585 request=req-f61f382a attempt=1 provider=payvault status=captured latency_ms=566 txn=tx_bf5657
2025-04-18T15:15:25.843Z INFO  payment-worker job=pay order=ORD-77586 request=req-1b326f3f attempt=1 provider=payvault status=captured latency_ms=486 txn=tx_3c557c
2025-04-18T15:16:50.034Z INFO  payment-worker job=pay order=ORD-77587 request=req-8f6f7a77 attempt=1 provider=payvault status=captured latency_ms=812 txn=tx_599764
2025-04-18T15:17:59.681Z INFO  payment-worker job=pay order=ORD-77588 request=req-a1c46266 attempt=1 provider=payvault status=captured latency_ms=1212 txn=tx_e7869d
2025-04-18T15:19:05.070Z INFO  payment-worker job=pay order=ORD-77589 request=req-0bdea6d5 attempt=1 provider=payvault status=captured latency_ms=586 txn=tx_631fb0
2025-04-18T15:19:50.531Z INFO  payment-worker job=pay order=ORD-77590 request=req-ed2624cb attempt=1 provider=payvault status=captured latency_ms=974 txn=tx_70ae93
2025-04-18T15:20:43.153Z INFO  payment-worker job=pay order=ORD-77591 request=req-f202a9c9 attempt=1 provider=payvault status=captured latency_ms=954 txn=tx_647f02
2025-04-18T15:22:06.263Z INFO  payment-worker job=pay order=ORD-77592 request=req-18cf280c attempt=1 provider=payvault status=captured latency_ms=1295 txn=tx_98c995
2025-04-18T15:23:20.252Z INFO  payment-worker job=pay order=ORD-77593 request=req-66494c97 attempt=1 provider=payvault status=captured latency_ms=1246 txn=tx_9bce17
2025-04-18T15:24:27.138Z INFO  payment-worker job=pay order=ORD-77594 request=req-1e0ddd20 attempt=1 provider=payvault status=captured latency_ms=244 txn=tx_a1e301
2025-04-18T15:25:23.648Z INFO  payment-worker job=pay order=ORD-77595 request=req-6b1d7f36 attempt=1 provider=payvault status=captured latency_ms=1143 txn=tx_32221e
2025-04-18T15:26:17.993Z INFO  payment-worker job=pay order=ORD-77596 request=req-f9efc277 attempt=1 provider=payvault status=captured latency_ms=1202 txn=tx_ca5c82
2025-04-18T15:26:39.316Z INFO  payment-worker job=pay order=ORD-77560 request=req-c51ab2af attempt=1 provider=payvault status=captured latency_ms=262 txn=tx_8b4461
2025-04-18T15:27:15.967Z INFO  payment-worker job=pay order=ORD-77597 request=req-f141cffd attempt=1 provider=payvault status=captured latency_ms=905 txn=tx_b2f47d
2025-04-18T15:28:25.086Z INFO  payment-worker job=pay order=ORD-77598 request=req-8a1b038b attempt=1 provider=payvault status=captured latency_ms=944 txn=tx_c0c82c
2025-04-18T15:29:43.418Z INFO  payment-worker job=pay order=ORD-77599 request=req-ea70a97c attempt=1 provider=payvault status=captured latency_ms=665 txn=tx_05a7c1
2025-04-18T15:30:38.370Z INFO  payment-worker job=pay order=ORD-77600 request=req-fe6229b8 attempt=1 provider=payvault status=captured latency_ms=1280 txn=tx_981774
2025-04-18T15:31:56.951Z INFO  payment-worker job=pay order=ORD-77601 request=req-f7da20c3 attempt=1 provider=payvault status=captured latency_ms=519 txn=tx_be0d49
2025-04-18T15:32:56.174Z INFO  payment-worker job=pay order=ORD-77602 request=req-0b0a6bb3 attempt=1 provider=payvault status=captured latency_ms=1313 txn=tx_2adf9d
2025-04-18T15:34:12.771Z INFO  payment-worker job=pay order=ORD-77603 request=req-8271b8ad attempt=1 provider=payvault status=captured latency_ms=947 txn=tx_289554
2025-04-18T15:35:04.245Z INFO  payment-worker job=pay order=ORD-77604 request=req-e23c4dd6 attempt=1 provider=payvault status=captured latency_ms=182 txn=tx_d67864
2025-04-18T15:36:00.442Z INFO  payment-worker job=pay order=ORD-77605 request=req-97ed0310 attempt=1 provider=payvault status=captured latency_ms=518 txn=tx_211de0
2025-04-18T15:36:53.706Z INFO  payment-worker job=pay order=ORD-77606 request=req-e3c6be7b attempt=1 provider=payvault status=captured latency_ms=1150 txn=tx_f4a9c3
2025-04-18T15:37:52.610Z INFO  payment-worker job=pay order=ORD-77567 request=req-ba8d93c6 attempt=1 provider=payvault status=captured latency_ms=308 txn=tx_0b6b6a
2025-04-18T15:38:16.908Z INFO  payment-worker job=pay order=ORD-77607 request=req-b26e25a6 attempt=1 provider=payvault status=captured latency_ms=501 txn=tx_163401
2025-04-18T15:39:25.240Z INFO  payment-worker job=pay order=ORD-77608 request=req-5558d194 attempt=1 provider=payvault status=captured latency_ms=826 txn=tx_fbdffa
2025-04-18T15:39:26.759Z INFO  payment-worker job=pay order=ORD-77565 request=req-58c17f1d attempt=1 provider=payvault status=captured latency_ms=1228 txn=tx_10030f
2025-04-18T15:40:12.298Z INFO  payment-worker job=pay order=ORD-77609 request=req-c4b52121 attempt=1 provider=payvault status=captured latency_ms=376 txn=tx_8f2191
2025-04-18T15:41:04.258Z INFO  payment-worker job=pay order=ORD-77610 request=req-c9145161 attempt=1 provider=payvault status=captured latency_ms=1356 txn=tx_b97e35
2025-04-18T15:41:08.413Z INFO  payment-worker job=pay order=ORD-77555 request=req-8080ea07 attempt=1 provider=payvault status=captured latency_ms=662 txn=tx_734daa
2025-04-18T15:41:54.639Z INFO  payment-worker job=pay order=ORD-77611 request=req-00fd3673 attempt=1 provider=payvault status=captured latency_ms=755 txn=tx_8ccff6
2025-04-18T15:42:59.265Z INFO  payment-worker job=pay order=ORD-77612 request=req-a5be657c attempt=1 provider=payvault status=captured latency_ms=679 txn=tx_43ebda
2025-04-18T15:43:52.931Z INFO  payment-worker job=pay order=ORD-77613 request=req-7e38343f attempt=1 provider=payvault status=captured latency_ms=462 txn=tx_8d4d8f
2025-04-18T15:44:45.146Z INFO  payment-worker job=pay order=ORD-77614 request=req-01feb1ab attempt=1 provider=payvault status=captured latency_ms=1133 txn=tx_f994af
2025-04-18T15:46:09.163Z INFO  payment-worker job=pay order=ORD-77615 request=req-b98073dc attempt=1 provider=payvault status=captured latency_ms=616 txn=tx_c60919
2025-04-18T15:47:04.366Z INFO  payment-worker job=pay order=ORD-77616 request=req-fda89d33 attempt=1 provider=payvault status=captured latency_ms=1159 txn=tx_ea4452
2025-04-18T15:47:58.029Z INFO  payment-worker job=pay order=ORD-77617 request=req-a3b0c736 attempt=1 provider=payvault status=captured latency_ms=686 txn=tx_6d7013
2025-04-18T15:49:10.317Z INFO  payment-worker job=pay order=ORD-77618 request=req-a8712360 attempt=1 provider=payvault status=captured latency_ms=562 txn=tx_38ec1f
2025-04-18T15:50:29.794Z INFO  payment-worker job=pay order=ORD-77619 request=req-43186fc2 attempt=1 provider=payvault status=captured latency_ms=874 txn=tx_9fcd64
2025-04-18T15:51:22.470Z INFO  payment-worker job=pay order=ORD-77620 request=req-ceec9dba attempt=1 provider=payvault status=captured latency_ms=1147 txn=tx_cb4325
2025-04-18T15:52:23.184Z INFO  payment-worker job=pay order=ORD-77621 request=req-389f6d66 attempt=1 provider=payvault status=captured latency_ms=828 txn=tx_84e8a0
2025-04-18T15:53:47.810Z INFO  payment-worker job=pay order=ORD-77622 request=req-6f87b578 attempt=1 provider=payvault status=captured latency_ms=217 txn=tx_a1104e
2025-04-18T15:54:35.983Z INFO  payment-worker job=pay order=ORD-77623 request=req-c63d704a attempt=1 provider=payvault status=captured latency_ms=1281 txn=tx_f4e458
2025-04-18T15:55:49.307Z INFO  payment-worker job=pay order=ORD-77624 request=req-7d86c530 attempt=1 provider=payvault status=captured latency_ms=691 txn=tx_391e06
2025-04-18T15:56:39.229Z INFO  payment-worker job=pay order=ORD-77625 request=req-b404a598 attempt=1 provider=payvault status=captured latency_ms=1376 txn=tx_b9ef90
2025-04-18T15:57:27.691Z INFO  payment-worker job=pay order=ORD-77626 request=req-c5072f89 attempt=1 provider=payvault status=captured latency_ms=935 txn=tx_228541
2025-04-18T15:58:47.121Z ERROR payment-worker job=pay order=ORD-77627 request=req-5e4a3681 attempt=1 provider=payvault error='TimeoutError: provider read timed out after 5000ms'
Traceback (most recent call last):
  File "/app/worker/payments.py", line 147, in capture
    resp = self.provider.charge(token=self.token, amount=amount)
  File "/app/worker/providers/payvault.py", line 58, in charge
    resp = self._post('/v1/charges', timeout=5)
TimeoutError: provider read timed out after 5000ms
2025-04-18T15:58:48.204Z INFO  payment-worker job=pay order=ORD-77627 request=req-5e4a3681 attempt=2 provider=payvault status=captured latency_ms=1131 txn=tx_3617ac
2025-04-18T16:00:03.965Z INFO  payment-worker job=pay order=ORD-77628 request=req-6d2ba64b attempt=1 provider=payvault status=captured latency_ms=1382 txn=tx_e280e4
2025-04-18T16:00:53.112Z INFO  payment-worker job=pay order=ORD-77629 request=req-9cb752fd attempt=1 provider=payvault status=captured latency_ms=1121 txn=tx_03f427
2025-04-18T16:02:16.833Z INFO  payment-worker job=pay order=ORD-77630 request=req-dca03790 attempt=1 provider=payvault status=captured latency_ms=287 txn=tx_a800ea
2025-04-18T16:02:59.137Z INFO  payment-worker job=pay order=ORD-77631 request=req-8d79c91c attempt=1 provider=payvault status=captured latency_ms=788 txn=tx_94bd37
2025-04-18T16:04:23.032Z INFO  payment-worker job=pay order=ORD-77632 request=req-88dcd3d7 attempt=1 provider=payvault status=captured latency_ms=629 txn=tx_dde49c
2025-04-18T16:05:21.469Z INFO  payment-worker job=pay order=ORD-77633 request=req-68f535cd attempt=1 provider=payvault status=captured latency_ms=1220 txn=tx_ae65f0
2025-04-18T16:06:45.578Z INFO  payment-worker job=pay order=ORD-77634 request=req-dc96d7ea attempt=1 provider=payvault status=captured latency_ms=1261 txn=tx_9e9e66
2025-04-18T16:08:06.513Z INFO  payment-worker job=pay order=ORD-77635 request=req-286ead77 attempt=1 provider=payvault status=captured latency_ms=724 txn=tx_d5c912
2025-04-18T16:09:19.204Z INFO  payment-worker job=pay order=ORD-77636 request=req-5cc4a49e attempt=1 provider=payvault status=captured latency_ms=1008 txn=tx_76797a
2025-04-18T16:10:43.315Z INFO  payment-worker job=pay order=ORD-77637 request=req-14510b03 attempt=1 provider=payvault status=captured latency_ms=602 txn=tx_b19b69
2025-04-18T16:11:37.587Z INFO  payment-worker job=pay order=ORD-77638 request=req-ee0eec7e attempt=1 provider=payvault status=captured latency_ms=808 txn=tx_2ffe5d
2025-04-18T16:13:00.061Z ERROR payment-worker job=pay order=ORD-77639 request=req-97f95edf attempt=1 provider=payvault error='TimeoutError: provider read timed out after 5000ms'
Traceback (most recent call last):
  File "/app/worker/payments.py", line 147, in capture
    resp = self.provider.charge(token=self.token, amount=amount)
  File "/app/worker/providers/payvault.py", line 58, in charge
    resp = self._post('/v1/charges', timeout=5)
TimeoutError: provider read timed out after 5000ms
2025-04-18T16:13:01.053Z INFO  payment-worker job=pay order=ORD-77639 request=req-97f95edf attempt=2 provider=payvault status=captured latency_ms=862 txn=tx_93aa46
2025-04-18T16:14:18.047Z INFO  payment-worker job=pay order=ORD-77640 request=req-d6a83835 attempt=1 provider=payvault status=captured latency_ms=1175 txn=tx_634315
2025-04-18T16:15:01.535Z INFO  payment-worker job=pay order=ORD-77641 request=req-6c41a74d attempt=1 provider=payvault status=captured latency_ms=606 txn=tx_5dccb2
2025-04-18T16:15:48.151Z INFO  payment-worker job=pay order=ORD-77642 request=req-bf4ef5f5 attempt=1 provider=payvault status=captured latency_ms=569 txn=tx_c4da1f
2025-04-18T16:16:38.757Z INFO  payment-worker job=pay order=ORD-77643 request=req-21c526ff attempt=1 provider=payvault status=captured latency_ms=866 txn=tx_fb0e71
2025-04-18T16:17:25.982Z INFO  payment-worker job=pay order=ORD-77644 request=req-c00896c6 attempt=1 provider=payvault status=captured latency_ms=430 txn=tx_2cefda
2025-04-18T16:18:07.502Z INFO  payment-worker job=pay order=ORD-77645 request=req-4dd96c6e attempt=1 provider=payvault status=captured latency_ms=646 txn=tx_e8afcf
2025-04-18T16:19:30.807Z INFO  payment-worker job=pay order=ORD-77646 request=req-2ed03190 attempt=1 provider=payvault status=captured latency_ms=1137 txn=tx_8442b2
2025-04-18T16:20:46.684Z INFO  payment-worker job=pay order=ORD-77647 request=req-5e1a6170 attempt=1 provider=payvault status=captured latency_ms=372 txn=tx_18cd6b
2025-04-18T16:21:35.629Z INFO  payment-worker job=pay order=ORD-77648 request=req-967b80a7 attempt=1 provider=payvault status=captured latency_ms=1366 txn=tx_b83c70
2025-04-18T16:22:53.493Z INFO  payment-worker job=pay order=ORD-77649 request=req-ec184aa2 attempt=1 provider=payvault status=captured latency_ms=549 txn=tx_692836
2025-04-18T16:24:02.326Z INFO  payment-worker job=pay order=ORD-77650 request=req-4883c26d attempt=1 provider=payvault status=captured latency_ms=205 txn=tx_9a92b9
2025-04-18T16:25:19.763Z INFO  payment-worker job=pay order=ORD-77651 request=req-27e9236f attempt=1 provider=payvault status=captured latency_ms=1084 txn=tx_4d3750
2025-04-18T16:26:09.431Z INFO  payment-worker job=pay order=ORD-77652 request=req-832f2381 attempt=1 provider=payvault status=captured latency_ms=1185 txn=tx_bb34d5
2025-04-18T16:27:33.122Z INFO  payment-worker job=pay order=ORD-77653 request=req-62cbf5d8 attempt=1 provider=payvault status=captured latency_ms=1122 txn=tx_1437c1
2025-04-18T16:28:22.938Z INFO  payment-worker job=pay order=ORD-77654 request=req-b84ff3f7 attempt=1 provider=payvault status=captured latency_ms=1208 txn=tx_88bb83
2025-04-18T16:29:28.061Z INFO  payment-worker job=pay order=ORD-77655 request=req-8a82da94 attempt=1 provider=payvault status=captured latency_ms=206 txn=tx_95ec8d
